auth_id, Date, Vendor, Amount, Location 
21899,1/2/2013,Ice Skating Rink,-2.79,CA
21899,1/2/2013,Fisker Night Club,-29.91,CA
21899,1/3/2013,Taxi,-15.17,CA
21899,1/4/2013,Bowling,-35.16,CA
21899,1/4/2013,Uber,-118.41,CA
21899,1/4/2013,Seaside Bar,-2.56,CA
21899,1/4/2013,Restaurant - Steakhouse,-19.07,CA
21899,1/4/2013,Seaside Bar,-21.02,CA
21899,1/4/2013,Bowling,-110.49,CA
21899,1/4/2013,Wine Bar,-6.53,CA
21899,1/5/2013,Sprouts Market,-27.34,CA
21899,1/6/2013,John's Bar & Restaurant,-8.05,CA
21899,1/6/2013,Whole Foods,-6.25,CA
21899,1/7/2013,Uber,-4.16,CA
21899,1/7/2013,Seaside Bar,-15.84,CA
21899,1/7/2013,Fisker Night Club,-3.04,CA
21899,1/7/2013,Rodriguez's Bar and Grill,-34.39,CA
21899,1/7/2013,Wine Bar,-12.68,CA
21899,1/7/2013,Restaurant - Burgers,-5.79,CA
21899,1/8/2013,Movie Ticket,-30,CA
21899,1/9/2013,Food Delivery - GrubHub,-5.74,CA
21899,1/10/2013,Public Transportation - Bus Pass,-31.7,CA
21899,1/10/2013,Karaoke Bar,-29.26,CA
21899,1/10/2013,Von's Groceries,-18.9,CA
21899,1/11/2013,Public Transportation - Train Pass,-55.07,CA
21899,1/11/2013,Owl Night Club,-69.03,CA
21899,1/12/2013,Uber,-50.78,CA
21899,1/13/2013,Food Delivery - GrubHub,-18.34,CA
21899,1/13/2013,Rodriguez's Bar and Grill,-34.75,CA
21899,1/13/2013,Starbucks Coffee,-38.46,CA
21899,1/13/2013,Green Flash Brewery,-2.86,CA
21899,1/13/2013,Green Flash Brewery,-17.77,CA
21899,1/13/2013,Wine Bar,-33.61,CA
21899,1/14/2013,Rodriguez's Bar and Grill,-33.97,CA
21899,1/14/2013,Seaside Bar,-3.44,CA
21899,1/14/2013,Seaside Bar,-17.35,CA
21899,1/14/2013,Movie Ticket,-21.64,CA
21899,1/15/2013,Rodriguez's Bar and Grill,-29.32,CA
21899,1/16/2013,Concert Ticket,-28.19,CA
21899,1/16/2013,Taxi,-74.11,CA
21899,1/17/2013,Public Transportation - Bus Pass,-17.15,CA
21899,1/17/2013,Bowling,-37.98,CA
21899,1/17/2013,Fisker Night Club,-22.14,CA
21899,1/17/2013,Karaoke Bar,-52.25,CA
21899,1/17/2013,Fisker Night Club,-23.47,CA
21899,1/17/2013,Public Transportation - Bus Pass,-16.14,CA
21899,1/17/2013,Concert Ticket,-4.35,CA
21899,1/17/2013,Movie Ticket,-22.97,CA
21899,1/17/2013,Seaside Bar,-10.51,CA
21899,1/17/2013,Seaside Bar,-14.03,CA
21899,1/17/2013,Lyft,-37.3,CA
21899,1/17/2013,Bowling,-39.76,CA
21899,1/17/2013,Bowling,-29.32,CA
21899,1/17/2013,Restaurant - Steakhouse,-17.28,CA
21899,1/17/2013,Public Transportation - Train Pass,-4.97,CA
21899,1/17/2013,Taxi,-8.36,CA
21899,1/17/2013,Owl Night Club,-32.16,CA
21899,1/18/2013,Movie Ticket,-43.1,CA
21899,1/18/2013,Lyft,-112.86,CA
21899,1/18/2013,Restaurant - Chinese,-0.15,CA
21899,1/19/2013,Public Transportation - Bus Pass,-7.24,CA
21899,1/19/2013,Restaurant - Steakhouse,-38.45,CA
21899,1/19/2013,Concert Ticket,-9.94,CA
21899,1/20/2013,Owl Night Club,-12.57,CA
21899,1/21/2013,Whole Foods,-32.48,CA
21899,1/21/2013,Green Flash Brewery,-15.32,CA
21899,1/21/2013,Seaside Bar,-20.81,CA
21899,1/22/2013,Public Transportation - Train Pass,-15.52,CA
21899,1/22/2013,Bowling,-5.31,CA
21899,1/22/2013,Public Transportation - Train Pass,-31.17,CA
21899,1/22/2013,Green Flash Brewery,-24.29,CA
21899,1/22/2013,Food Delivery - GrubHub,-14.81,CA
21899,1/22/2013,Green Flash Brewery,-21.17,CA
21899,1/22/2013,Fisker Night Club,-2.43,CA
21899,1/23/2013,Green Flash Brewery,-5.68,CA
21899,1/24/2013,Rodriguez's Bar and Grill,-18.02,CA
21899,1/25/2013,Bowling,-2.22,CA
21899,1/26/2013,Uber,-14.24,CA
21899,1/26/2013,Rodriguez's Bar and Grill,-37.62,CA
21899,1/27/2013,Wine Bar,-21.79,CA
21899,1/27/2013,Concert Ticket,-8.57,CA
21899,1/28/2013,Green Flash Brewery,-0.5,CA
21899,1/28/2013,Owl Night Club,-27.96,CA
21899,1/29/2013,Public Transportation - Bus Pass,-51.7,CA
21899,1/29/2013,Green Flash Brewery,-27.5,CA
21899,1/29/2013,Restaurant - Chinese,-3.54,CA
21899,1/29/2013,Restaurant - Chinese,-63.02,CA
21899,1/29/2013,Fisker Night Club,-35.58,CA
21899,1/29/2013,Karaoke Bar,-41.39,CA
21899,1/29/2013,Rodriguez's Bar and Grill,-10.13,CA
21899,1/29/2013,John's Bar & Restaurant,-27.77,CA
21899,1/30/2013,Taxi,-14.1,CA
21899,1/30/2013,Movie Ticket,-10.92,CA
21899,3/2/2013,Housing Rent,-946,CA
21899,3/2/2013,Time Warner Cable,-30,CA
21899,3/2/2013,John's Bar & Restaurant,-21.06,CA
21899,3/2/2013,Concert Ticket,-23.11,CA
21899,3/2/2013,Uber,-34.41,CA
21899,3/2/2013,Rodriguez's Bar and Grill,-94.06,CA
21899,3/2/2013,Taxi,-14.43,CA
21899,3/2/2013,Sprouts Market,-17.36,CA
21899,3/2/2013,Green Flash Brewery,-0.06,CA
21899,3/2/2013,Owl Night Club,-39.72,CA
21899,3/2/2013,John's Bar & Restaurant,-23.48,CA
21899,3/3/2013,Wine Bar,-20.71,CA
21899,3/3/2013,Movie Ticket,-57.12,CA
21899,3/4/2013,Whole Foods,-21.32,CA
21899,3/5/2013,Ice Skating Rink,-15.93,CA
21899,3/5/2013,Ice Skating Rink,-17.55,CA
21899,3/6/2013,Owl Night Club,-114.35,CA
21899,3/6/2013,Fisker Night Club,-19.13,CA
21899,3/6/2013,Ralph's Grocery Store,-2.13,CA
21899,3/7/2013,Wine Bar,-80.8,CA
21899,3/8/2013,Lyft,-8.01,CA
21899,3/9/2013,Ice Skating Rink,-30.28,CA
21899,3/9/2013,Ralph's Grocery Store,-36.19,CA
21899,3/9/2013,Uber,-17.7,CA
21899,3/9/2013,Karaoke Bar,-3.32,CA
21899,3/9/2013,Ice Skating Rink,-37.28,CA
21899,3/10/2013,Concert Ticket,-39.82,CA
21899,3/10/2013,Uber,-2.04,CA
21899,3/10/2013,Ice Skating Rink,-31.3,CA
21899,3/10/2013,Restaurant - Burgers,-6.04,CA
21899,3/10/2013,Lyft,-35.91,CA
21899,3/10/2013,Rodriguez's Bar and Grill,-16.06,CA
21899,3/11/2013,Ralph's Grocery Store,-5.53,CA
21899,3/11/2013,Starbucks Coffee,-6.51,CA
21899,3/11/2013,Restaurant - Burgers,-115.66,CA
21899,3/11/2013,Starbucks Coffee,-11.19,CA
21899,3/11/2013,Seaside Bar,-18.29,CA
21899,3/12/2013,Karaoke Bar,-3.35,CA
21899,3/12/2013,Whole Foods,-30.33,CA
21899,3/13/2013,Starbucks Coffee,-0.11,CA
21899,3/14/2013,Ice Skating Rink,-2.86,CA
21899,3/15/2013,Owl Night Club,-93.98,CA
21899,3/15/2013,Uber,-29.23,CA
21899,3/15/2013,Public Transportation - Bus Pass,-56.96,CA
21899,3/16/2013,Taxi,-2.55,CA
21899,3/16/2013,Food Delivery - GrubHub,-7.02,CA
21899,3/16/2013,Restaurant - Burgers,-8.72,CA
21899,3/16/2013,Restaurant - Steakhouse,-32.13,CA
21899,3/16/2013,Public Transportation - Train Pass,-20.46,CA
21899,3/17/2013,Ice Skating Rink,-92.82,CA
21899,3/17/2013,Concert Ticket,-106.83,CA
21899,3/17/2013,Restaurant - Steakhouse,-38.81,CA
21899,3/17/2013,Ralph's Grocery Store,-41.36,CA
21899,3/17/2013,Lyft,-78.3,CA
21899,3/17/2013,Lyft,-38.19,CA
21899,3/18/2013,John's Bar & Restaurant,-13.17,CA
21899,3/18/2013,John's Bar & Restaurant,-73.42,CA
21899,3/18/2013,Ice Skating Rink,-6.52,CA
21899,3/18/2013,Seaside Bar,-13.26,CA
21899,3/18/2013,Concert Ticket,-110.46,CA
21899,3/18/2013,Wine Bar,-105.67,CA
21899,3/18/2013,John's Bar & Restaurant,-29.39,CA
21899,3/19/2013,Ice Skating Rink,-14.57,CA
21899,3/19/2013,Food Delivery - GrubHub,-30.68,CA
21899,3/20/2013,Concert Ticket,-31.73,CA
21899,3/20/2013,Fisker Night Club,-113.33,CA
21899,3/20/2013,Karaoke Bar,-31.72,CA
21899,3/21/2013,Ice Skating Rink,-9.18,CA
21899,3/22/2013,Fisker Night Club,-24.88,CA
21899,3/22/2013,Rodriguez's Bar and Grill,-12.08,CA
21899,3/23/2013,Wine Bar,-30.99,CA
21899,3/23/2013,Sprouts Market,-30.1,CA
21899,3/24/2013,Karaoke Bar,-29.54,CA
21899,3/24/2013,Fisker Night Club,-29.59,CA
21899,3/24/2013,Uber,-28.98,CA
21899,3/24/2013,Whole Foods,-112.67,CA
21899,3/24/2013,John's Bar & Restaurant,-39.08,CA
21899,3/24/2013,Seaside Bar,-33.83,CA
21899,3/24/2013,Public Transportation - Bus Pass,-9.73,CA
21899,3/24/2013,Green Flash Brewery,-16.43,CA
21899,3/24/2013,Uber,-10.28,CA
21899,3/24/2013,Fisker Night Club,-28.78,CA
21899,3/24/2013,Green Flash Brewery,-11.85,CA
21899,3/24/2013,Green Flash Brewery,-10.87,CA
21899,3/24/2013,Public Transportation - Bus Pass,-6.05,CA
21899,3/24/2013,Sprouts Market,-17.05,CA
21899,3/25/2013,Bowling,-35.94,CA
21899,3/25/2013,Owl Night Club,-18.2,CA
21899,3/25/2013,Restaurant - Steakhouse,-0.87,CA
21899,3/25/2013,Fisker Night Club,-25.83,CA
21899,3/25/2013,Rodriguez's Bar and Grill,-10.03,CA
21899,3/25/2013,Concert Ticket,-27.06,CA
21899,3/25/2013,Karaoke Bar,-39.04,CA
21899,3/26/2013,Owl Night Club,-19.54,CA
21899,3/27/2013,Owl Night Club,-9.7,CA
21899,3/27/2013,Wine Bar,-9.15,CA
21899,3/27/2013,Sprouts Market,-16.05,CA
21899,3/28/2013,Sprouts Market,-3.68,CA
21899,3/28/2013,Movie Ticket,-35.4,CA
21899,3/28/2013,Public Transportation - Bus Pass,-97.16,CA
21899,3/29/2013,Ralph's Grocery Store,-16.14,CA
21899,3/29/2013,Rodriguez's Bar and Grill,-23.41,CA
21899,3/30/2013,Seaside Bar,-28.78,CA
21899,3/30/2013,Public Transportation - Bus Pass,-4.06,CA
21899,4/2/2013,Housing Rent,-1106,CA
21899,4/2/2013,Time Warner Cable,-30,CA
21899,4/2/2013,Uber,-7.03,CA
21899,4/2/2013,Concert Ticket,-10.77,CA
21899,4/2/2013,Concert Ticket,-80.87,CA
21899,4/2/2013,Sprouts Market,-118.95,CA
21899,4/3/2013,Restaurant - Burgers,-27.19,CA
21899,4/4/2013,Green Flash Brewery,-11.1,CA
21899,4/4/2013,Ice Skating Rink,-34.71,CA
21899,4/4/2013,John's Bar & Restaurant,-3.6,CA
21899,4/4/2013,Movie Ticket,-34.16,CA
21899,4/4/2013,Concert Ticket,-23.21,CA
21899,4/4/2013,Public Transportation - Bus Pass,-34.91,CA
21899,4/4/2013,Ice Skating Rink,-59.6,CA
21899,4/4/2013,Wine Bar,-42.86,CA
21899,4/5/2013,Green Flash Brewery,-49.55,CA
21899,4/5/2013,Owl Night Club,-4.44,CA
21899,4/6/2013,Public Transportation - Bus Pass,-11.81,CA
21899,4/6/2013,Von's Groceries,-32.23,CA
21899,4/7/2013,Concert Ticket,-108.36,CA
21899,4/7/2013,Ralph's Grocery Store,-12.76,CA
21899,4/7/2013,Public Transportation - Train Pass,-8.2,CA
21899,4/7/2013,John's Bar & Restaurant,-8.02,CA
21899,4/8/2013,Uber,-13.68,CA
21899,4/8/2013,Restaurant - Pizza,-1.21,CA
21899,4/8/2013,Concert Ticket,-84.13,CA
21899,4/9/2013,Fisker Night Club,-6.14,CA
21899,4/9/2013,John's Bar & Restaurant,-2.35,CA
21899,4/9/2013,Green Flash Brewery,-20.67,CA
21899,4/10/2013,John's Bar & Restaurant,-18.6,CA
21899,4/11/2013,Concert Ticket,-10.39,CA
21899,4/11/2013,Von's Groceries,-19.89,CA
21899,4/11/2013,Rodriguez's Bar and Grill,-35.72,CA
21899,4/11/2013,Green Flash Brewery,-30.87,CA
21899,4/12/2013,Bowling,-5.24,CA
21899,4/12/2013,John's Bar & Restaurant,-2.97,CA
21899,4/12/2013,Concert Ticket,-5,CA
21899,4/12/2013,Owl Night Club,-29.4,CA
21899,4/12/2013,Starbucks Coffee,-18.85,CA
21899,4/12/2013,Public Transportation - Train Pass,-7.43,CA
21899,4/12/2013,Concert Ticket,-6.26,CA
21899,4/12/2013,Lyft,-0.63,CA
21899,4/13/2013,Concert Ticket,-11.42,CA
21899,4/13/2013,Bowling,-18.68,CA
21899,4/13/2013,Wine Bar,-10.05,CA
21899,4/13/2013,John's Bar & Restaurant,-44.02,CA
21899,4/14/2013,Rodriguez's Bar and Grill,-4.27,CA
21899,4/14/2013,Concert Ticket,-70.76,CA
21899,4/14/2013,Sprouts Market,-17.32,CA
21899,4/14/2013,John's Bar & Restaurant,-8,CA
21899,4/14/2013,Rodriguez's Bar and Grill,-21.51,CA
21899,4/14/2013,Seaside Bar,-77.64,CA
21899,4/14/2013,Wine Bar,-21.83,CA
21899,4/14/2013,Uber,-19.31,CA
21899,4/15/2013,Food Delivery - GrubHub,-30.67,CA
21899,4/15/2013,Green Flash Brewery,-3.19,CA
21899,4/16/2013,Karaoke Bar,-16.94,CA
21899,4/16/2013,Food Delivery - GrubHub,-53.78,CA
21899,4/16/2013,Concert Ticket,-36.09,CA
21899,4/16/2013,Concert Ticket,-26.39,CA
21899,4/16/2013,Restaurant - Burgers,-52.4,CA
21899,4/16/2013,Seaside Bar,-17.1,CA
21899,4/17/2013,Taxi,-4.39,CA
21899,4/17/2013,Wine Bar,-27.96,CA
21899,4/17/2013,Uber,-21.4,CA
21899,4/17/2013,Karaoke Bar,-5.01,CA
21899,4/17/2013,Ice Skating Rink,-28.08,CA
21899,4/17/2013,Karaoke Bar,-85.25,CA
21899,4/18/2013,Karaoke Bar,-108.82,CA
21899,4/19/2013,Restaurant - Burgers,-2.91,CA
21899,4/19/2013,Public Transportation - Train Pass,-15.31,CA
21899,4/19/2013,Seaside Bar,-61.67,CA
21899,4/20/2013,Whole Foods,-23.16,CA
21899,4/21/2013,Owl Night Club,-112.08,CA
21899,4/21/2013,Ice Skating Rink,-28.74,CA
21899,4/22/2013,Uber,-22.62,CA
21899,4/22/2013,Public Transportation - Train Pass,-62.35,CA
21899,4/23/2013,John's Bar & Restaurant,-31.95,CA
21899,4/23/2013,Taxi,-8.21,CA
21899,4/23/2013,Sprouts Market,-32.55,CA
21899,4/23/2013,Wine Bar,-39.8,CA
21899,4/23/2013,Fisker Night Club,-11.83,CA
21899,4/23/2013,Owl Night Club,-50.18,CA
21899,4/23/2013,Restaurant - Chinese,-57.25,CA
21899,4/24/2013,Owl Night Club,-25.39,CA
21899,4/24/2013,Concert Ticket,-4.65,CA
21899,4/24/2013,Whole Foods,-1.67,CA
21899,4/24/2013,Owl Night Club,-34.67,CA
21899,4/25/2013,Restaurant - Burgers,-71.71,CA
21899,4/25/2013,Bowling,-15.6,CA
21899,4/25/2013,Ice Skating Rink,-23.04,CA
21899,4/25/2013,Food Delivery - GrubHub,-10.87,CA
21899,4/25/2013,Ice Skating Rink,-32.05,CA
21899,4/26/2013,Karaoke Bar,-4.28,CA
21899,4/26/2013,Uber,-15.7,CA
21899,4/26/2013,Owl Night Club,-12.08,CA
21899,4/27/2013,Ralph's Grocery Store,-9.99,CA
21899,4/27/2013,Bowling,-29.34,CA
21899,4/27/2013,Ice Skating Rink,-10.68,CA
21899,4/27/2013,Lyft,-70.71,CA
21899,4/27/2013,Concert Ticket,-37.62,CA
21899,4/27/2013,Owl Night Club,-9.46,CA
21899,4/27/2013,John's Bar & Restaurant,-75.93,CA
21899,4/27/2013,Fisker Night Club,-32.17,CA
21899,4/28/2013,Rodriguez's Bar and Grill,-106.18,CA
21899,4/28/2013,Ice Skating Rink,-4.87,CA
21899,4/28/2013,Public Transportation - Bus Pass,-7.07,CA
21899,4/29/2013,Fisker Night Club,-32.98,CA
21899,4/29/2013,Green Flash Brewery,-25.96,CA
21899,4/30/2013,Sprouts Market,-26.9,CA
21899,4/30/2013,Public Transportation - Train Pass,-72.26,CA
21899,4/30/2013,Fisker Night Club,-38.2,CA
21899,4/30/2013,Bowling,-22.98,CA
21899,4/30/2013,Owl Night Club,-7.95,CA
21899,5/2/2013,Housing Rent,-1053,CA
21899,5/2/2013,Time Warner Cable,-30,CA
21899,5/2/2013,Starbucks Coffee,-9.66,CA
21899,5/2/2013,Ice Skating Rink,-27.26,CA
21899,5/2/2013,Ice Skating Rink,-15.42,CA
21899,5/2/2013,Concert Ticket,-16.09,CA
21899,5/2/2013,Bowling,-18.15,CA
21899,5/2/2013,Owl Night Club,-45.08,CA
21899,5/2/2013,Karaoke Bar,-4,CA
21899,5/2/2013,Rodriguez's Bar and Grill,-32.89,CA
21899,5/2/2013,Seaside Bar,-20.23,CA
21899,5/2/2013,Ice Skating Rink,-4.62,CA
21899,5/2/2013,Von's Groceries,-30.99,CA
21899,5/3/2013,Rodriguez's Bar and Grill,-26.46,CA
21899,5/3/2013,Concert Ticket,-6.78,CA
21899,5/3/2013,Bowling,-28.07,CA
21899,5/3/2013,Restaurant - Pizza,-84.99,CA
21899,5/3/2013,Starbucks Coffee,-73.72,CA
21899,5/3/2013,Public Transportation - Bus Pass,-12.29,CA
21899,5/3/2013,Seaside Bar,-29.39,CA
21899,5/4/2013,Restaurant - Burgers,-35.85,CA
21899,5/4/2013,Restaurant - Pizza,-32.01,CA
21899,5/4/2013,Wine Bar,-33.89,CA
21899,5/4/2013,Sprouts Market,-34.65,CA
21899,5/4/2013,Karaoke Bar,-21.75,CA
21899,5/4/2013,Public Transportation - Train Pass,-38.75,CA
21899,5/4/2013,Wine Bar,-19.1,CA
21899,5/5/2013,Uber,-35.68,CA
21899,5/5/2013,Lyft,-15.27,CA
21899,5/5/2013,Food Delivery - GrubHub,-71.52,CA
21899,5/5/2013,Owl Night Club,-14.62,CA
21899,5/5/2013,Sprouts Market,-72.6,CA
21899,5/5/2013,Green Flash Brewery,-17.3,CA
21899,5/5/2013,Rodriguez's Bar and Grill,-36.93,CA
21899,5/5/2013,Uber,-34.76,CA
21899,5/6/2013,Karaoke Bar,-50.65,CA
21899,5/6/2013,Taxi,-21.81,CA
21899,5/6/2013,Wine Bar,-27.12,CA
21899,5/6/2013,Owl Night Club,-70.5,CA
21899,5/6/2013,Ralph's Grocery Store,-14.51,CA
21899,5/7/2013,Fisker Night Club,-7.88,CA
21899,5/8/2013,Rodriguez's Bar and Grill,-12.15,CA
21899,5/8/2013,Rodriguez's Bar and Grill,-31.45,CA
21899,5/8/2013,Movie Ticket,-19.31,CA
21899,5/9/2013,Taxi,-31.66,CA
21899,5/9/2013,Public Transportation - Bus Pass,-87.07,CA
21899,5/9/2013,Taxi,-1.59,CA
21899,5/9/2013,Rodriguez's Bar and Grill,-82.25,CA
21899,5/10/2013,Owl Night Club,-34.76,CA
21899,5/10/2013,Public Transportation - Bus Pass,-9.01,CA
21899,5/10/2013,Von's Groceries,-20.92,CA
21899,5/10/2013,Wine Bar,-7.77,CA
21899,5/10/2013,Von's Groceries,-14.01,CA
21899,5/10/2013,John's Bar & Restaurant,-16.12,CA
21899,5/10/2013,Von's Groceries,-32.96,CA
21899,5/10/2013,Karaoke Bar,-75.99,CA
21899,5/11/2013,Fisker Night Club,-70.14,CA
21899,5/11/2013,Concert Ticket,-39.73,CA
21899,5/11/2013,Concert Ticket,-31.31,CA
21899,5/12/2013,Rodriguez's Bar and Grill,-27.39,CA
21899,5/12/2013,Bowling,-16.06,CA
21899,5/13/2013,Karaoke Bar,-26.76,CA
21899,5/13/2013,Taxi,-2.54,CA
21899,5/13/2013,Taxi,-20.31,CA
21899,5/14/2013,Seaside Bar,-45.64,CA
21899,5/14/2013,Green Flash Brewery,-21.8,CA
21899,5/14/2013,Wine Bar,-98.27,CA
21899,5/14/2013,Fisker Night Club,-3.76,CA
21899,5/14/2013,John's Bar & Restaurant,-29.81,CA
21899,5/15/2013,Restaurant - Chinese,-3.73,CA
21899,5/15/2013,Seaside Bar,-41.21,CA
21899,5/15/2013,Starbucks Coffee,-15.58,CA
21899,5/15/2013,Rodriguez's Bar and Grill,-35.48,CA
21899,5/16/2013,Restaurant - Steakhouse,-4.1,CA
21899,5/16/2013,Restaurant - Burgers,-12.41,CA
21899,5/16/2013,Wine Bar,-26.56,CA
21899,5/17/2013,Green Flash Brewery,-38.12,CA
21899,5/17/2013,Wine Bar,-39.89,CA
21899,5/18/2013,Karaoke Bar,-24.57,CA
21899,5/18/2013,Taxi,-13.85,CA
21899,5/18/2013,John's Bar & Restaurant,-16.13,CA
21899,5/19/2013,John's Bar & Restaurant,-16.87,CA
21899,5/19/2013,Taxi,-97.33,CA
21899,5/19/2013,Concert Ticket,-12.92,CA
21899,5/19/2013,Fisker Night Club,-55.04,CA
21899,5/19/2013,Public Transportation - Train Pass,-17.91,CA
21899,5/19/2013,Rodriguez's Bar and Grill,-0.95,CA
21899,5/19/2013,John's Bar & Restaurant,-15.74,CA
21899,5/19/2013,Green Flash Brewery,-37.58,CA
21899,5/19/2013,Concert Ticket,-17.77,CA
21899,5/19/2013,Lyft,-16.96,CA
21899,5/19/2013,Uber,-35.48,CA
21899,5/19/2013,Fisker Night Club,-25.67,CA
21899,5/20/2013,Restaurant - Chinese,-33.02,CA
21899,5/20/2013,Karaoke Bar,-34.4,CA
21899,5/20/2013,Karaoke Bar,-77.16,CA
21899,5/20/2013,Uber,-22.19,CA
21899,5/20/2013,Bowling,-31.7,CA
21899,5/20/2013,Uber,-2.3,CA
21899,5/20/2013,Food Delivery - GrubHub,-29.64,CA
21899,5/21/2013,Taxi,-6.3,CA
21899,5/21/2013,John's Bar & Restaurant,-20.44,CA
21899,5/21/2013,Von's Groceries,-9.82,CA
21899,5/21/2013,Restaurant - Burgers,-29.6,CA
21899,5/22/2013,Von's Groceries,-14.67,CA
21899,5/22/2013,Green Flash Brewery,-38.23,CA
21899,5/22/2013,John's Bar & Restaurant,-8.22,CA
21899,5/22/2013,Owl Night Club,-114.98,CA
21899,5/22/2013,Ice Skating Rink,-24.14,CA
21899,5/22/2013,Public Transportation - Bus Pass,-102.99,CA
21899,5/23/2013,Green Flash Brewery,-29.07,CA
21899,5/23/2013,Rodriguez's Bar and Grill,-92.61,CA
21899,5/24/2013,Karaoke Bar,-37.24,CA
21899,5/24/2013,Rodriguez's Bar and Grill,-81.35,CA
21899,5/25/2013,Movie Ticket,-16.58,CA
21899,5/25/2013,Rodriguez's Bar and Grill,-33.29,CA
21899,5/25/2013,Public Transportation - Bus Pass,-12.46,CA
21899,5/25/2013,Ice Skating Rink,-19.35,CA
21899,5/26/2013,Bowling,-10.24,CA
21899,5/27/2013,Wine Bar,-38.35,CA
21899,5/27/2013,Rodriguez's Bar and Grill,-34.02,CA
21899,5/27/2013,Rodriguez's Bar and Grill,-38.63,CA
21899,5/27/2013,Fisker Night Club,-32.08,CA
21899,5/27/2013,Ice Skating Rink,-64.83,CA
21899,5/28/2013,Uber,-19.27,CA
21899,5/28/2013,Wine Bar,-29.64,CA
21899,5/28/2013,Owl Night Club,-28.36,CA
21899,5/29/2013,Rodriguez's Bar and Grill,-20.55,CA
21899,5/29/2013,Public Transportation - Train Pass,-18.97,CA
21899,5/29/2013,Uber,-1.66,CA
21899,5/29/2013,Fisker Night Club,-16.34,CA
21899,5/30/2013,Lyft,-25.82,CA
21899,6/2/2013,Housing Rent,-988,CA
21899,6/2/2013,Time Warner Cable,-30,CA
21899,6/2/2013,Ice Skating Rink,-1.72,CA
21899,6/2/2013,Owl Night Club,-21.01,CA
21899,6/2/2013,Taxi,-13.16,CA
21899,6/2/2013,Owl Night Club,-34.58,CA
21899,6/3/2013,Seaside Bar,-34.96,CA
21899,6/3/2013,Bowling,-109.16,CA
21899,6/4/2013,Concert Ticket,-21.57,CA
21899,6/4/2013,Starbucks Coffee,-33.08,CA
21899,6/4/2013,Public Transportation - Bus Pass,-21.48,CA
21899,6/5/2013,Seaside Bar,-29.11,CA
21899,6/5/2013,Public Transportation - Bus Pass,-5.73,CA
21899,6/5/2013,John's Bar & Restaurant,-33.18,CA
21899,6/5/2013,Divorce Lawyer Fees,-98.53,CA
21899,6/5/2013,Comfort Inn,-22.69,CA
21899,6/5/2013,Best Western Hotel,-113.14,CA
21899,6/6/2013,Food Delivery - GrubHub,-1.62,CA
21899,6/6/2013,Movie Ticket,-27.75,CA
21899,6/7/2013,Bowling,-10.88,CA
21899,6/7/2013,Bowling,-36.51,CA
21899,6/7/2013,Seaside Bar,-24.95,CA
21899,6/7/2013,Fisker Night Club,-18.6,CA
21899,6/7/2013,Karaoke Bar,-32.47,CA
21899,6/8/2013,Restaurant - Pizza,-58.47,CA
21899,6/8/2013,John's Bar & Restaurant,-71.78,CA
21899,6/9/2013,Von's Groceries,-22.43,CA
21899,6/10/2013,Rodriguez's Bar and Grill,-14.51,CA
21899,6/10/2013,Public Transportation - Bus Pass,-6.99,CA
21899,6/10/2013,Public Transportation - Train Pass,-25.47,CA
21899,6/11/2013,Owl Night Club,-14.2,CA
21899,6/12/2013,Movie Ticket,-115.88,CA
21899,6/12/2013,Lyft,-6.62,CA
21899,6/12/2013,Seaside Bar,-82.19,CA
21899,6/12/2013,Seaside Bar,-39.13,CA
21899,6/13/2013,Uber,-112.03,CA
21899,6/13/2013,Rodriguez's Bar and Grill,-34.65,CA
21899,6/14/2013,Restaurant - Chinese,-26.85,CA
21899,6/14/2013,Restaurant - Steakhouse,-4.5,CA
21899,6/14/2013,Concert Ticket,-29.18,CA
21899,6/14/2013,Rodriguez's Bar and Grill,-0.56,CA
21899,6/15/2013,Taxi,-42.04,CA
21899,6/15/2013,Taxi,-15.68,CA
21899,6/15/2013,Concert Ticket,-9.68,CA
21899,6/16/2013,Restaurant - Chinese,-9.56,CA
21899,6/17/2013,Starbucks Coffee,-26.33,CA
21899,6/17/2013,Karaoke Bar,-38.47,CA
21899,6/17/2013,Owl Night Club,-7.08,CA
21899,6/18/2013,Restaurant - Chinese,-83.31,CA
21899,6/18/2013,Rodriguez's Bar and Grill,-12.49,CA
21899,6/19/2013,Taxi,-16.84,CA
21899,6/19/2013,Wine Bar,-15.41,CA
21899,6/19/2013,Taxi,-19.08,CA
21899,6/19/2013,Wine Bar,-83.36,CA
21899,6/19/2013,John's Bar & Restaurant,-12.53,CA
21899,6/19/2013,Wine Bar,-11.18,CA
21899,6/19/2013,Public Transportation - Train Pass,-26.26,CA
21899,6/20/2013,Ralph's Grocery Store,-19.45,CA
21899,6/21/2013,Movie Ticket,-21.07,CA
21899,6/22/2013,Food Delivery - GrubHub,-11.24,CA
21899,6/23/2013,John's Bar & Restaurant,-21.73,CA
21899,6/23/2013,John's Bar & Restaurant,-4.27,CA
21899,6/23/2013,Bowling,-22.06,CA
21899,6/23/2013,Karaoke Bar,-29.79,CA
21899,6/23/2013,Ice Skating Rink,-25.23,CA
21899,6/24/2013,Public Transportation - Bus Pass,-13.98,CA
21899,6/25/2013,Seaside Bar,-19.38,CA
21899,6/26/2013,Rodriguez's Bar and Grill,-17.41,CA
21899,6/26/2013,Von's Groceries,-6.72,CA
21899,6/26/2013,Karaoke Bar,-110.65,CA
21899,6/26/2013,Movie Ticket,-23.15,CA
21899,6/27/2013,Ice Skating Rink,-11.02,CA
21899,6/27/2013,Green Flash Brewery,-14.97,CA
21899,6/27/2013,Whole Foods,-6.82,CA
21899,6/28/2013,Owl Night Club,-27.1,CA
21899,6/29/2013,Public Transportation - Train Pass,-6.72,CA
21899,6/29/2013,Lyft,-28.19,CA
21899,6/30/2013,Public Transportation - Train Pass,-1.33,CA
21899,7/2/2013,Housing Rent,-713,CA
21899,7/2/2013,Time Warner Cable,-30,CA
21899,7/2/2013,Von's Groceries,-29.02,CA
21899,7/2/2013,Movie Ticket,-95.83,CA
21899,7/2/2013,Rodriguez's Bar and Grill,-29.92,CA
21899,7/2/2013,Taxi,-105.95,CA
21899,7/2/2013,Karaoke Bar,-28.08,CA
21899,7/2/2013,Sprouts Market,-12.29,CA
21899,7/2/2013,Ice Skating Rink,-81.14,CA
21899,7/2/2013,Green Flash Brewery,-38.59,CA
21899,7/3/2013,Green Flash Brewery,-33.26,CA
21899,7/3/2013,John's Bar & Restaurant,-6.93,CA
21899,7/4/2013,Wine Bar,-43.05,CA
21899,7/4/2013,Karaoke Bar,-30.07,CA
21899,7/4/2013,Green Flash Brewery,-22.75,CA
21899,7/5/2013,Ice Skating Rink,-5.09,CA
21899,7/6/2013,Owl Night Club,-10.78,CA
21899,7/7/2013,John's Bar & Restaurant,-31.47,CA
21899,7/8/2013,Public Transportation - Train Pass,-26.23,CA
21899,7/9/2013,Uber,-26.67,CA
21899,7/9/2013,Karaoke Bar,-2.34,CA
21899,7/9/2013,Green Flash Brewery,-53.34,CA
21899,7/9/2013,Restaurant - Chinese,-38.74,CA
21899,7/9/2013,Ralph's Grocery Store,-19.14,CA
21899,7/9/2013,John's Bar & Restaurant,-27.45,CA
21899,7/9/2013,Uber,-25.69,CA
21899,7/9/2013,Public Transportation - Bus Pass,-41.82,CA
21899,7/10/2013,Seaside Bar,-17.51,CA
21899,7/10/2013,Fisker Night Club,-23.12,CA
21899,7/10/2013,Concert Ticket,-12.97,CA
21899,7/10/2013,Food Delivery - GrubHub,-29.3,CA
21899,7/10/2013,Restaurant - Chinese,-20.53,CA
21899,7/10/2013,Concert Ticket,-2.85,CA
21899,7/10/2013,Seaside Bar,-31.01,CA
21899,7/10/2013,John's Bar & Restaurant,-14.28,CA
21899,7/10/2013,Owl Night Club,-17.95,CA
21899,7/10/2013,Lyft,-11.24,CA
21899,7/10/2013,Fisker Night Club,-30.61,CA
21899,7/11/2013,Movie Ticket,-85.93,CA
21899,7/11/2013,Taxi,-1.4,CA
21899,7/12/2013,Whole Foods,-1.06,CA
21899,7/12/2013,Restaurant - Burgers,-111.74,CA
21899,7/12/2013,Seaside Bar,-4.06,CA
21899,7/12/2013,Starbucks Coffee,-2.56,CA
21899,7/12/2013,Restaurant - Chinese,-22.17,CA
21899,7/12/2013,Public Transportation - Bus Pass,-15.1,CA
21899,7/12/2013,John's Bar & Restaurant,-37.55,CA
21899,7/12/2013,Wine Bar,-23.91,CA
21899,7/12/2013,Uber,-31.79,CA
21899,7/12/2013,Rodriguez's Bar and Grill,-39.49,CA
21899,7/12/2013,Whole Foods,-51.96,CA
21899,7/12/2013,Wine Bar,-39.5,CA
21899,7/12/2013,John's Bar & Restaurant,-17.12,CA
21899,7/12/2013,Ralph's Grocery Store,-4.88,CA
21899,7/12/2013,Green Flash Brewery,-16.4,CA
21899,7/12/2013,Bowling,-37.6,CA
21899,7/13/2013,Rodriguez's Bar and Grill,-12.73,CA
21899,7/13/2013,Lyft,-0.32,CA
21899,7/13/2013,Public Transportation - Train Pass,-112.81,CA
21899,7/13/2013,Fisker Night Club,-7.67,CA
21899,7/13/2013,Food Delivery - GrubHub,-112.89,CA
21899,7/13/2013,Food Delivery - GrubHub,-15.68,CA
21899,7/13/2013,Ralph's Grocery Store,-31.39,CA
21899,7/14/2013,Movie Ticket,-25.17,CA
21899,7/14/2013,Rodriguez's Bar and Grill,-10.26,CA
21899,7/14/2013,Uber,-8.32,CA
21899,7/14/2013,Movie Ticket,-10.19,CA
21899,7/14/2013,Public Transportation - Train Pass,-31.04,CA
21899,7/15/2013,Public Transportation - Train Pass,-27.96,CA
21899,7/16/2013,Seaside Bar,-36.76,CA
21899,7/16/2013,Public Transportation - Bus Pass,-52.7,CA
21899,7/16/2013,Public Transportation - Train Pass,-72.56,CA
21899,7/17/2013,Ice Skating Rink,-23.74,CA
21899,7/17/2013,Ralph's Grocery Store,-61.95,CA
21899,7/18/2013,Concert Ticket,-27.64,CA
21899,7/18/2013,Public Transportation - Bus Pass,-39.02,CA
21899,7/18/2013,Food Delivery - GrubHub,-65.02,CA
21899,7/18/2013,Lyft,-74.46,CA
21899,7/18/2013,Uber,-22.91,CA
21899,7/19/2013,John's Bar & Restaurant,-48.84,CA
21899,7/19/2013,Wine Bar,-4.6,CA
21899,7/19/2013,Starbucks Coffee,-77.48,CA
21899,7/19/2013,Fisker Night Club,-61.16,CA
21899,7/20/2013,Public Transportation - Train Pass,-14.12,CA
21899,7/20/2013,Owl Night Club,-37.29,CA
21899,7/20/2013,Karaoke Bar,-46.15,CA
21899,7/21/2013,Whole Foods,-3.3,CA
21899,7/22/2013,Uber,-111.67,CA
21899,7/22/2013,Concert Ticket,-47.2,CA
21899,7/22/2013,John's Bar & Restaurant,-33.09,CA
21899,7/23/2013,Owl Night Club,-11.2,CA
21899,7/24/2013,Green Flash Brewery,-28.46,CA
21899,7/24/2013,Restaurant - Burgers,-65.2,CA
21899,7/24/2013,Movie Ticket,-39.65,CA
21899,7/24/2013,Public Transportation - Bus Pass,-9.34,CA
21899,7/25/2013,Seaside Bar,-5.76,CA
21899,7/26/2013,Fisker Night Club,-28.98,CA
21899,7/26/2013,Fisker Night Club,-27.44,CA
21899,7/26/2013,Concert Ticket,-24.24,CA
21899,7/26/2013,Von's Groceries,-2.7,CA
21899,7/26/2013,Public Transportation - Train Pass,-15.53,CA
21899,7/26/2013,Public Transportation - Bus Pass,-23.23,CA
21899,7/26/2013,Karaoke Bar,-28.99,CA
21899,7/26/2013,Food Delivery - GrubHub,-107.79,CA
21899,7/27/2013,Concert Ticket,-19.39,CA
21899,7/27/2013,Seaside Bar,-16.99,CA
21899,7/27/2013,Wine Bar,-31.7,CA
21899,7/28/2013,Ralph's Grocery Store,-8.49,CA
21899,7/28/2013,Karaoke Bar,-28.94,CA
21899,7/29/2013,Movie Ticket,-16.25,CA
21899,7/30/2013,Ice Skating Rink,-9.4,CA
21899,7/30/2013,Ice Skating Rink,-34.03,CA
21899,7/30/2013,Seaside Bar,-18.74,CA
21899,7/30/2013,Lyft,-5.61,CA
21899,7/30/2013,Bowling,-22.06,CA
21899,7/30/2013,Uber,-38.9,CA
21899,7/30/2013,Bowling,-60.83,CA
21899,8/2/2013,Housing Rent,-921,CA
21899,8/2/2013,Time Warner Cable,-30,CA
21899,8/2/2013,Movie Ticket,-31.88,CA
21899,8/2/2013,Public Transportation - Train Pass,-12.27,CA
21899,8/2/2013,Seaside Bar,-63.43,CA
21899,8/2/2013,Ice Skating Rink,-9.06,CA
21899,8/3/2013,Fisker Night Club,-33.25,CA
21899,8/4/2013,Public Transportation - Bus Pass,-14.46,CA
21899,8/5/2013,Owl Night Club,-21,CA
21899,8/6/2013,Green Flash Brewery,-111.23,CA
21899,8/6/2013,Karaoke Bar,-68.1,CA
21899,8/6/2013,Owl Night Club,-114.93,CA
21899,8/6/2013,Bowling,-54.16,CA
21899,8/6/2013,Lyft,-5.74,CA
21899,8/7/2013,Lyft,-16.65,CA
21899,8/8/2013,Starbucks Coffee,-21.21,CA
21899,8/8/2013,Movie Ticket,-83.79,CA
21899,8/8/2013,Concert Ticket,-19.48,CA
21899,8/8/2013,Lyft,-30.3,CA
21899,8/8/2013,Concert Ticket,-98.26,CA
21899,8/9/2013,Fisker Night Club,-1.1,CA
21899,8/9/2013,Von's Groceries,-107.34,CA
21899,8/9/2013,Rodriguez's Bar and Grill,-19.82,CA
21899,8/9/2013,Ralph's Grocery Store,-42.64,CA
21899,8/9/2013,Public Transportation - Bus Pass,-34.51,CA
21899,8/9/2013,Restaurant - Pizza,-31.99,CA
21899,8/10/2013,Rodriguez's Bar and Grill,-33.62,CA
21899,8/10/2013,Public Transportation - Train Pass,-24.09,CA
21899,8/11/2013,Lyft,-37.48,CA
21899,8/11/2013,Movie Ticket,-6.26,CA
21899,8/11/2013,Concert Ticket,-31.44,CA
21899,8/11/2013,Whole Foods,-35.06,CA
21899,8/11/2013,Ralph's Grocery Store,-30.04,CA
21899,8/11/2013,Bowling,-37.6,CA
21899,8/11/2013,Concert Ticket,-23.94,CA
21899,8/11/2013,Karaoke Bar,-20.13,CA
21899,8/11/2013,Karaoke Bar,-34.99,CA
21899,8/12/2013,Green Flash Brewery,-11.98,CA
21899,8/12/2013,Owl Night Club,-35.42,CA
21899,8/12/2013,Wine Bar,-104.11,CA
21899,8/13/2013,Bowling,-37.92,CA
21899,8/13/2013,Movie Ticket,-4.01,CA
21899,8/13/2013,Public Transportation - Bus Pass,-13.17,CA
21899,8/14/2013,Green Flash Brewery,-7.98,CA
21899,8/14/2013,Rodriguez's Bar and Grill,-37.04,CA
21899,8/15/2013,Wine Bar,-76.9,CA
21899,8/15/2013,Restaurant - Burgers,-30.41,CA
21899,8/15/2013,Owl Night Club,-15.63,CA
21899,8/16/2013,Concert Ticket,-14.45,CA
21899,8/16/2013,Movie Ticket,-14.11,CA
21899,8/16/2013,Owl Night Club,-26.66,CA
21899,8/16/2013,Food Delivery - GrubHub,-21.22,CA
21899,8/17/2013,Public Transportation - Bus Pass,-73.88,CA
21899,8/17/2013,Starbucks Coffee,-19.97,CA
21899,8/17/2013,Owl Night Club,-10.61,CA
21899,8/17/2013,Rodriguez's Bar and Grill,-23.59,CA
21899,8/17/2013,Movie Ticket,-15.58,CA
21899,8/17/2013,Rodriguez's Bar and Grill,-28.71,CA
21899,8/17/2013,Bowling,-91.71,CA
21899,8/17/2013,Lyft,-11.35,CA
21899,8/17/2013,Von's Groceries,-37.27,CA
21899,8/17/2013,Owl Night Club,-17.77,CA
21899,8/17/2013,Taxi,-39.26,CA
21899,8/17/2013,Uber,-14.04,CA
21899,8/18/2013,Starbucks Coffee,-108.21,CA
21899,8/18/2013,Fisker Night Club,-31.18,CA
21899,8/19/2013,Fisker Night Club,-74.16,CA
21899,8/19/2013,Lyft,-21.99,CA
21899,8/19/2013,Public Transportation - Train Pass,-32.68,CA
21899,8/20/2013,Ralph's Grocery Store,-7.93,CA
21899,8/20/2013,Rodriguez's Bar and Grill,-27.46,CA
21899,8/20/2013,Owl Night Club,-1.21,CA
21899,8/20/2013,Fisker Night Club,-86.33,CA
21899,8/20/2013,Amazon Order - Baby Crib,-38.73,CA
21899,8/20/2013,Hospital - Prenatal Care,-3.86,CA
21899,8/20/2013,Babies "R" Us,-27.13,CA
21899,8/20/2013,BuyBuyBaby.com,-96.8,CA
21899,8/20/2013,Uber,-33.65,CA
21899,8/20/2013,Fisker Night Club,-25.82,CA
21899,8/20/2013,Seaside Bar,-62.62,CA
21899,8/20/2013,Movie Ticket,-16.43,CA
21899,8/21/2013,Food Delivery - GrubHub,-3.32,CA
21899,8/21/2013,Rodriguez's Bar and Grill,-20.57,CA
21899,8/21/2013,Seaside Bar,-24.35,CA
21899,8/22/2013,Starbucks Coffee,-39.75,CA
21899,8/22/2013,Whole Foods,-22.94,CA
21899,8/23/2013,Rodriguez's Bar and Grill,-6.41,CA
21899,8/23/2013,Concert Ticket,-79.14,CA
21899,8/23/2013,Restaurant - Steakhouse,-5.81,CA
21899,8/24/2013,Seaside Bar,-21.08,CA
21899,8/24/2013,Taxi,-52.46,CA
21899,8/25/2013,Owl Night Club,-34.92,CA
21899,8/26/2013,Seaside Bar,-28.79,CA
21899,8/27/2013,Ice Skating Rink,-32.94,CA
21899,8/27/2013,Public Transportation - Bus Pass,-30.02,CA
21899,8/28/2013,Taxi,-30.61,CA
21899,8/28/2013,Lyft,-15.85,CA
21899,8/28/2013,Uber,-42.12,CA
21899,8/28/2013,Public Transportation - Train Pass,-15.62,CA
21899,8/29/2013,Starbucks Coffee,-0.83,CA
21899,8/29/2013,Bowling,-27.83,CA
21899,8/29/2013,Von's Groceries,-6.47,CA
21899,8/30/2013,Concert Ticket,-33.23,CA
21899,8/30/2013,Wine Bar,-4.45,CA
21899,8/30/2013,Karaoke Bar,-23.59,CA
21899,9/2/2013,Housing Rent,-964,CA
21899,9/2/2013,Time Warner Cable,-30,CA
21899,9/2/2013,Public Transportation - Train Pass,-23.49,CA
21899,9/2/2013,Seaside Bar,-39.04,CA
21899,9/2/2013,Concert Ticket,-11.08,CA
21899,9/3/2013,John's Bar & Restaurant,-17.13,CA
21899,9/3/2013,Wine Bar,-27.53,CA
21899,9/4/2013,Ice Skating Rink,-58.66,CA
21899,9/5/2013,Public Transportation - Train Pass,-12.32,CA
21899,9/6/2013,Restaurant - Burgers,-17.81,CA
21899,9/6/2013,Taxi,-38.55,CA
21899,9/7/2013,Ice Skating Rink,-7.45,CA
21899,9/7/2013,John's Bar & Restaurant,-26.65,CA
21899,9/7/2013,Uber,-36.57,CA
21899,9/7/2013,Bowling,-13.37,CA
21899,9/7/2013,John's Bar & Restaurant,-35.53,CA
21899,9/7/2013,Green Flash Brewery,-53.11,CA
21899,9/7/2013,Ice Skating Rink,-6.27,CA
21899,9/7/2013,Green Flash Brewery,-31.77,CA
21899,9/7/2013,Rodriguez's Bar and Grill,-15.06,CA
21899,9/7/2013,Fisker Night Club,-6.98,CA
21899,9/8/2013,Wine Bar,-117.93,CA
21899,9/8/2013,Seaside Bar,-92.67,CA
21899,9/8/2013,Bowling,-2.63,CA
21899,9/8/2013,Bowling,-21.13,CA
21899,9/8/2013,Uber,-8.35,CA
21899,9/9/2013,Public Transportation - Bus Pass,-25.38,CA
21899,9/10/2013,Starbucks Coffee,-8.16,CA
21899,9/10/2013,Owl Night Club,-6.95,CA
21899,9/10/2013,Restaurant - Steakhouse,-1.25,CA
21899,9/10/2013,Uber,-34.55,CA
21899,9/10/2013,Starbucks Coffee,-38.77,CA
21899,9/11/2013,Restaurant - Burgers,-14.4,CA
21899,9/11/2013,Public Transportation - Train Pass,-31.66,CA
21899,9/11/2013,Owl Night Club,-19.99,CA
21899,9/12/2013,Restaurant - Chinese,-69.39,CA
21899,9/12/2013,John's Bar & Restaurant,-29.55,CA
21899,9/12/2013,Taxi,-38.75,CA
21899,9/12/2013,Taxi,-6.94,CA
21899,9/13/2013,Owl Night Club,-45.81,CA
21899,9/13/2013,Public Transportation - Train Pass,-15.79,CA
21899,9/14/2013,Restaurant - Chinese,-1.75,CA
21899,9/15/2013,Owl Night Club,-35.45,CA
21899,9/16/2013,Bowling,-9.97,CA
21899,9/16/2013,John's Bar & Restaurant,-19.99,CA
21899,9/16/2013,Food Delivery - GrubHub,-32.91,CA
21899,9/16/2013,Restaurant - Chinese,-18.5,CA
21899,9/16/2013,Lyft,-16.64,CA
21899,9/17/2013,Seaside Bar,-0.38,CA
21899,9/17/2013,Owl Night Club,-80.71,CA
21899,9/17/2013,Fisker Night Club,-1.17,CA
21899,9/18/2013,Restaurant - Chinese,-21.24,CA
21899,9/19/2013,Green Flash Brewery,-15.76,CA
21899,9/19/2013,Taxi,-82.06,CA
21899,9/19/2013,Rodriguez's Bar and Grill,-16.56,CA
21899,9/19/2013,Rodriguez's Bar and Grill,-31.42,CA
21899,9/20/2013,Public Transportation - Train Pass,-25.51,CA
21899,9/20/2013,Ice Skating Rink,-24.71,CA
21899,9/21/2013,Green Flash Brewery,-24.92,CA
21899,9/21/2013,Lyft,-4.86,CA
21899,9/21/2013,Public Transportation - Train Pass,-26.74,CA
21899,9/21/2013,Seaside Bar,-100.05,CA
21899,9/21/2013,Rodriguez's Bar and Grill,-32.73,CA
21899,9/22/2013,Karaoke Bar,-10.08,CA
21899,9/22/2013,Restaurant - Steakhouse,-27.11,CA
21899,9/23/2013,Karaoke Bar,-13.41,CA
21899,9/23/2013,Food Delivery - GrubHub,-1.94,CA
21899,9/23/2013,Restaurant - Pizza,-99.1,CA
21899,9/23/2013,Rodriguez's Bar and Grill,-7.48,CA
21899,9/23/2013,Seaside Bar,-36.12,CA
21899,9/23/2013,Starbucks Coffee,-17.05,CA
21899,9/23/2013,Sprouts Market,-23.03,CA
21899,9/23/2013,Restaurant - Steakhouse,-37.38,CA
21899,9/24/2013,Public Transportation - Bus Pass,-34.9,CA
21899,9/24/2013,Green Flash Brewery,-30.13,CA
21899,9/24/2013,Restaurant - Pizza,-107.7,CA
21899,9/25/2013,Lyft,-58.32,CA
21899,9/25/2013,Public Transportation - Train Pass,-2.58,CA
21899,9/26/2013,Ralph's Grocery Store,-21.06,CA
21899,9/27/2013,Seaside Bar,-2.22,CA
21899,9/28/2013,Wine Bar,-20.06,CA
21899,9/29/2013,Von's Groceries,-18.47,CA
21899,9/30/2013,Lyft,-114.29,CA
21899,9/30/2013,Rodriguez's Bar and Grill,-15.69,CA
21899,9/30/2013,Restaurant - Burgers,-45.43,CA
21899,9/30/2013,Food Delivery - GrubHub,-36.49,CA
21899,9/30/2013,Green Flash Brewery,-23.63,CA
21899,10/2/2013,Housing Rent,-1300,CA
21899,10/2/2013,Time Warner Cable,-30,CA
21899,10/2/2013,Seaside Bar,-24.48,CA
21899,10/2/2013,Food Delivery - GrubHub,-4.9,CA
21899,10/2/2013,Fisker Night Club,-0.55,CA
21899,10/2/2013,Owl Night Club,-37.93,CA
21899,10/3/2013,John's Bar & Restaurant,-5.02,CA
21899,10/4/2013,John's Bar & Restaurant,-24.87,CA
21899,10/5/2013,Wine Bar,-32.58,CA
21899,10/6/2013,Movie Ticket,-29.04,CA
21899,10/7/2013,Ralph's Grocery Store,-14.74,CA
21899,10/7/2013,Concert Ticket,-31.7,CA
21899,10/8/2013,Public Transportation - Train Pass,-36.43,CA
21899,10/9/2013,Uber,-3.17,CA
21899,10/9/2013,Seaside Bar,-28.58,CA
21899,10/9/2013,John's Bar & Restaurant,-43.03,CA
21899,10/9/2013,Rodriguez's Bar and Grill,-94.29,CA
21899,10/10/2013,Ice Skating Rink,-18.69,CA
21899,10/10/2013,Von's Groceries,-32.96,CA
21899,10/11/2013,Taxi,-1.85,CA
21899,10/11/2013,Starbucks Coffee,-2.42,CA
21899,10/11/2013,Restaurant - Steakhouse,-17.58,CA
21899,10/11/2013,Karaoke Bar,-11.39,CA
21899,10/11/2013,Restaurant - Steakhouse,-2.66,CA
21899,10/12/2013,Bowling,-31.48,CA
21899,10/12/2013,Wine Bar,-9.12,CA
21899,10/12/2013,Fisker Night Club,-32,CA
21899,10/12/2013,Uber,-109.56,CA
21899,10/12/2013,Ice Skating Rink,-35.08,CA
21899,10/12/2013,Von's Groceries,-97.2,CA
21899,10/12/2013,Green Flash Brewery,-71.11,CA
21899,10/13/2013,Wine Bar,-87.79,CA
21899,10/13/2013,Rodriguez's Bar and Grill,-38.44,CA
21899,10/13/2013,Wine Bar,-2.73,CA
21899,10/13/2013,Fisker Night Club,-10.26,CA
21899,10/13/2013,Restaurant - Steakhouse,-15.34,CA
21899,10/13/2013,Movie Ticket,-8.76,CA
21899,10/14/2013,Sprouts Market,-17.66,CA
21899,10/15/2013,Public Transportation - Train Pass,-36.36,CA
21899,10/15/2013,Concert Ticket,-20.96,CA
21899,10/16/2013,Restaurant - Steakhouse,-2.92,CA
21899,10/17/2013,Bowling,-35.33,CA
21899,10/17/2013,Ice Skating Rink,-3.82,CA
21899,10/18/2013,Bowling,-34.8,CA
21899,10/19/2013,Restaurant - Chinese,-17.41,CA
21899,10/19/2013,Public Transportation - Bus Pass,-16.75,CA
21899,10/19/2013,Green Flash Brewery,-114.54,CA
21899,10/19/2013,Seaside Bar,-67.63,CA
21899,10/20/2013,Owl Night Club,-1.69,CA
21899,10/20/2013,Concert Ticket,-116.41,CA
21899,10/20/2013,Public Transportation - Bus Pass,-1.3,CA
21899,10/20/2013,Bowling,-18.56,CA
21899,10/20/2013,Public Transportation - Train Pass,-6.24,CA
21899,10/20/2013,Uber,-23.31,CA
21899,10/20/2013,Uber,-14.68,CA
21899,10/20/2013,Food Delivery - GrubHub,-38.23,CA
21899,10/20/2013,Seaside Bar,-5.17,CA
21899,10/20/2013,John's Bar & Restaurant,-88.56,CA
21899,10/20/2013,Restaurant - Chinese,-51.39,CA
21899,10/20/2013,Seaside Bar,-38.53,CA
21899,10/20/2013,Ice Skating Rink,-20.01,CA
21899,10/20/2013,Whole Foods,-1.09,CA
21899,10/20/2013,Public Transportation - Bus Pass,-33.84,CA
21899,10/20/2013,Taxi,-39.76,CA
21899,10/20/2013,Owl Night Club,-57.43,CA
21899,10/21/2013,Uber,-0.96,CA
21899,10/22/2013,Concert Ticket,-18.47,CA
21899,10/22/2013,Von's Groceries,-14.79,CA
21899,10/22/2013,Green Flash Brewery,-4.2,CA
21899,10/23/2013,Owl Night Club,-102.62,CA
21899,10/23/2013,Green Flash Brewery,-33.1,CA
21899,10/23/2013,Wine Bar,-10.66,CA
21899,10/24/2013,Rodriguez's Bar and Grill,-15.05,CA
21899,10/25/2013,Bowling,-8.84,CA
21899,10/25/2013,Bowling,-4.13,CA
21899,10/26/2013,Fisker Night Club,-8.62,CA
21899,10/26/2013,Concert Ticket,-27.34,CA
21899,10/26/2013,Green Flash Brewery,-39.6,CA
21899,10/26/2013,Public Transportation - Train Pass,-4.65,CA
21899,10/26/2013,Restaurant - Steakhouse,-5.15,CA
21899,10/27/2013,Green Flash Brewery,-17.58,CA
21899,10/27/2013,Owl Night Club,-15.55,CA
21899,10/28/2013,Wine Bar,-0.13,CA
21899,10/28/2013,Public Transportation - Train Pass,-36.74,CA
21899,10/28/2013,Wine Bar,-29.66,CA
21899,10/29/2013,Uber,-13.39,CA
21899,10/29/2013,Rodriguez's Bar and Grill,-10.21,CA
21899,10/30/2013,Restaurant - Steakhouse,-15.44,CA
21899,10/30/2013,Restaurant - Burgers,-18.09,CA
21899,10/30/2013,Von's Groceries,-30.81,CA
21899,11/2/2013,Housing Rent,-887,CA
21899,11/2/2013,Time Warner Cable,-30,CA
21899,11/2/2013,John's Bar & Restaurant,-15.54,CA
21899,11/3/2013,Green Flash Brewery,-15.3,CA
21899,11/4/2013,Ralph's Grocery Store,-38.06,CA
21899,11/5/2013,Wine Bar,-23.98,CA
21899,11/6/2013,Karaoke Bar,-3.04,CA
21899,11/6/2013,Karaoke Bar,-9.48,CA
21899,11/6/2013,Rodriguez's Bar and Grill,-26.59,CA
21899,11/6/2013,Uber,-13.89,CA
21899,11/6/2013,Rodriguez's Bar and Grill,-19.67,CA
21899,11/6/2013,Uber,-0.74,CA
21899,11/7/2013,Public Transportation - Train Pass,-2.38,CA
21899,11/7/2013,Taxi,-117.91,CA
21899,11/8/2013,Public Transportation - Bus Pass,-30.97,CA
21899,11/8/2013,Taxi,-23.06,CA
21899,11/8/2013,Von's Groceries,-38.89,CA
21899,11/8/2013,Public Transportation - Train Pass,-8.58,CA
21899,11/8/2013,Restaurant - Steakhouse,-30.15,CA
21899,11/9/2013,Wine Bar,-41.37,CA
21899,11/9/2013,Seaside Bar,-114.65,CA
21899,11/9/2013,Public Transportation - Train Pass,-29.62,CA
21899,11/9/2013,Taxi,-109.79,CA
21899,11/10/2013,Concert Ticket,-32.95,CA
21899,11/10/2013,Ice Skating Rink,-24.11,CA
21899,11/10/2013,Ice Skating Rink,-7.33,CA
21899,11/10/2013,Concert Ticket,-28.98,CA
21899,11/11/2013,Restaurant - Burgers,-29.15,CA
21899,11/11/2013,Bowling,-26.31,CA
21899,11/12/2013,Uber,-33.8,CA
21899,11/12/2013,Restaurant - Steakhouse,-23.55,CA
21899,11/12/2013,Lyft,-4.7,CA
21899,11/13/2013,Concert Ticket,-92.83,CA
21899,11/13/2013,Restaurant - Pizza,-21.1,CA
21899,11/13/2013,Karaoke Bar,-30.97,CA
21899,11/13/2013,Concert Ticket,-16.55,CA
21899,11/13/2013,Rodriguez's Bar and Grill,-24.94,CA
21899,11/13/2013,Rodriguez's Bar and Grill,-22.79,CA
21899,11/13/2013,Public Transportation - Bus Pass,-9.33,CA
21899,11/13/2013,Fisker Night Club,-36.07,CA
21899,11/13/2013,Concert Ticket,-79.16,CA
21899,11/14/2013,Concert Ticket,-17.82,CA
21899,11/15/2013,Ice Skating Rink,-3.23,CA
21899,11/16/2013,Owl Night Club,-37.86,CA
21899,11/16/2013,John's Bar & Restaurant,-34.28,CA
21899,11/16/2013,Taxi,-35.12,CA
21899,11/17/2013,Fisker Night Club,-14.87,CA
21899,11/17/2013,Restaurant - Burgers,-8.27,CA
21899,11/18/2013,Public Transportation - Bus Pass,-0.17,CA
21899,11/18/2013,Public Transportation - Train Pass,-34.09,CA
21899,11/18/2013,John's Bar & Restaurant,-11.95,CA
21899,11/18/2013,Uber,-23.89,CA
21899,11/19/2013,John's Bar & Restaurant,-46.16,CA
21899,11/19/2013,John's Bar & Restaurant,-11.42,CA
21899,11/20/2013,Green Flash Brewery,-81.28,CA
21899,11/21/2013,Restaurant - Pizza,-20.19,CA
21899,11/21/2013,Ralph's Grocery Store,-31.9,CA
21899,11/21/2013,Wine Bar,-11.01,CA
21899,11/21/2013,Rodriguez's Bar and Grill,-74.21,CA
21899,11/22/2013,Karaoke Bar,-19.56,CA
21899,11/22/2013,Starbucks Coffee,-20.54,CA
21899,11/22/2013,Concert Ticket,-39.66,CA
21899,11/23/2013,Starbucks Coffee,-22.04,CA
21899,11/23/2013,Karaoke Bar,-25.02,CA
21899,11/23/2013,Bowling,-16.58,CA
21899,11/24/2013,Taxi,-5.53,CA
21899,11/25/2013,Ice Skating Rink,-23.4,CA
21899,11/25/2013,Uber,-21.45,CA
21899,11/25/2013,Food Delivery - GrubHub,-32.65,CA
21899,11/25/2013,Restaurant - Pizza,-9.12,CA
21899,11/25/2013,Lyft,-63.39,CA
21899,11/26/2013,Taxi,-119.82,CA
21899,11/26/2013,Ice Skating Rink,-11.95,CA
21899,11/26/2013,Restaurant - Pizza,-108.61,CA
21899,11/26/2013,Wine Bar,-26.58,CA
21899,11/26/2013,Lyft,-17.5,CA
21899,11/27/2013,Rodriguez's Bar and Grill,-36.43,CA
21899,11/27/2013,Bowling,-72.55,CA
21899,11/27/2013,Concert Ticket,-27.19,CA
21899,11/27/2013,Wine Bar,-38.27,CA
21899,11/28/2013,Movie Ticket,-30.35,CA
21899,11/28/2013,Uber,-16.16,CA
21899,11/29/2013,Bowling,-36.08,CA
21899,11/30/2013,Restaurant - Pizza,-8.32,CA
21899,11/30/2013,Whole Foods,-5.15,CA
21899,11/30/2013,Uber,-62.39,CA
21899,11/30/2013,Food Delivery - GrubHub,-35.99,CA
21899,12/2/2013,Housing Rent,-1111,CA
21899,12/2/2013,Time Warner Cable,-30,CA
21899,12/2/2013,Restaurant - Pizza,-36.7,CA
21899,12/2/2013,Public Transportation - Bus Pass,-35.64,CA
21899,12/3/2013,Restaurant - Pizza,-33.55,CA
21899,12/4/2013,Ralph's Grocery Store,-39.36,CA
21899,12/5/2013,Restaurant - Chinese,-38.65,CA
21899,12/5/2013,Restaurant - Pizza,-113.63,CA
21899,12/5/2013,Public Transportation - Train Pass,-37.38,CA
21899,12/5/2013,Green Flash Brewery,-64.87,CA
21899,12/6/2013,Rodriguez's Bar and Grill,-26.16,CA
21899,12/7/2013,Restaurant - Chinese,-39.02,CA
21899,12/7/2013,Public Transportation - Bus Pass,-109.32,CA
21899,12/8/2013,Karaoke Bar,-19.45,CA
21899,12/9/2013,John's Bar & Restaurant,-9.16,CA
21899,12/10/2013,Ice Skating Rink,-19.36,CA
21899,12/10/2013,Bowling,-34.31,CA
21899,12/10/2013,Movie Ticket,-27.84,CA
21899,12/11/2013,John's Bar & Restaurant,-35.69,CA
21899,12/11/2013,John's Bar & Restaurant,-38.44,CA
21899,12/11/2013,Starbucks Coffee,-16.32,CA
21899,12/11/2013,Rodriguez's Bar and Grill,-96.04,CA
21899,12/11/2013,Karaoke Bar,-14.34,CA
21899,12/11/2013,Movie Ticket,-19.37,CA
21899,12/12/2013,Uber,-101.48,CA
21899,12/12/2013,Lyft,-32.94,CA
21899,12/13/2013,Taxi,-35.86,CA
21899,12/13/2013,Owl Night Club,-48.14,CA
21899,12/14/2013,Owl Night Club,-7.62,CA
21899,12/14/2013,Bowling,-7.6,CA
21899,12/14/2013,Seaside Bar,-32.38,CA
21899,12/15/2013,Public Transportation - Train Pass,-100.79,CA
21899,12/15/2013,Movie Ticket,-2.71,CA
21899,12/16/2013,Restaurant - Burgers,-28.62,CA
21899,12/16/2013,Owl Night Club,-23.45,CA
21899,12/16/2013,Restaurant - Steakhouse,-10.73,CA
21899,12/17/2013,Concert Ticket,-18.12,CA
21899,12/18/2013,Movie Ticket,-18.5,CA
21899,12/18/2013,Restaurant - Burgers,-19.03,CA
21899,12/19/2013,Karaoke Bar,-9.75,CA
21899,12/19/2013,Movie Ticket,-19.65,CA
21899,12/19/2013,Ice Skating Rink,-13.69,CA
21899,12/20/2013,Public Transportation - Bus Pass,-29.71,CA
21899,12/21/2013,Seaside Bar,-46.22,CA
21899,12/21/2013,Rodriguez's Bar and Grill,-28.12,CA
21899,12/22/2013,Wine Bar,-11.61,CA
21899,12/22/2013,Movie Ticket,-13.29,CA
21899,12/23/2013,Public Transportation - Bus Pass,-22.79,CA
21899,12/24/2013,Karaoke Bar,-18.48,CA
21899,12/25/2013,Rodriguez's Bar and Grill,-43.34,CA
21899,12/25/2013,Restaurant - Burgers,-10.66,CA
21899,12/26/2013,Rodriguez's Bar and Grill,-27.64,CA
21899,12/26/2013,Green Flash Brewery,-19.63,CA
21899,12/26/2013,Taxi,-110.72,CA
21899,12/26/2013,Fisker Night Club,-22.41,CA
21899,12/27/2013,Seaside Bar,-2.27,CA
21899,12/27/2013,Sprouts Market,-31.21,CA
21899,12/28/2013,Starbucks Coffee,-29.05,CA
21899,12/28/2013,Seaside Bar,-36.59,CA
21899,12/28/2013,Ice Skating Rink,-38.97,CA
21899,12/28/2013,Restaurant - Burgers,-11.16,CA
21899,12/29/2013,Taxi,-8.65,CA
21899,12/30/2013,Taxi,-80.49,CA
21899,12/32/2013,Lyft,-69.17,CA
21899,12/32/2013,Wine Bar,-4.66,CA
21899,12/32/2013,Movie Ticket,-7.51,CA
21899,12/32/2013,Ralph's Grocery Store,-18.66,CA
21899,12/32/2013,Whole Foods,-66.37,CA
21899,1/2/2014,Food Delivery - GrubHub,-64.44,CA
21899,1/2/2014,Movie Ticket,-23.98,CA
21899,1/2/2014,John's Bar & Restaurant,-37.86,CA
21899,1/3/2014,Ice Skating Rink,-29.63,CA
21899,1/4/2014,Ralph's Grocery Store,-26.63,CA
21899,1/4/2014,Starbucks Coffee,-117.63,CA
21899,1/4/2014,Bowling,-30.12,CA
21899,1/4/2014,John's Bar & Restaurant,-11.89,CA
21899,1/4/2014,Restaurant - Burgers,-2.79,CA
21899,1/4/2014,Rodriguez's Bar and Grill,-32.45,CA
21899,1/4/2014,Karaoke Bar,-39.98,CA
21899,1/4/2014,Restaurant - Pizza,-21.72,CA
21899,1/5/2014,Public Transportation - Train Pass,-18.61,CA
21899,1/5/2014,Wine Bar,-19.77,CA
21899,1/5/2014,Public Transportation - Bus Pass,-76.13,CA
21899,1/6/2014,Seaside Bar,-102.33,CA
21899,1/7/2014,Public Transportation - Bus Pass,-33.96,CA
21899,1/7/2014,Concert Ticket,-18.31,CA
21899,1/7/2014,Restaurant - Chinese,-35.29,CA
21899,1/7/2014,Movie Ticket,-37.21,CA
21899,1/7/2014,Starbucks Coffee,-11.39,CA
21899,1/7/2014,Karaoke Bar,-20.4,CA
21899,1/8/2014,Restaurant - Burgers,-21.62,CA
21899,1/8/2014,Sprouts Market,-62.35,CA
21899,1/9/2014,Taxi,-30.14,CA
21899,1/10/2014,Wine Bar,-12.11,CA
21899,1/10/2014,Lyft,-27.54,CA
21899,1/10/2014,Seaside Bar,-37.84,CA
21899,1/10/2014,Concert Ticket,-6.02,CA
21899,1/10/2014,Ice Skating Rink,-20.35,CA
21899,1/11/2014,Owl Night Club,-13.41,CA
21899,1/11/2014,John's Bar & Restaurant,-22.03,CA
21899,1/12/2014,Green Flash Brewery,-17.06,CA
21899,1/12/2014,Seaside Bar,-20.46,CA
21899,1/12/2014,Concert Ticket,-14.26,CA
21899,1/12/2014,Ice Skating Rink,-7.17,CA
21899,1/13/2014,John's Bar & Restaurant,-4.63,CA
21899,1/13/2014,Bowling,-2.1,CA
21899,1/14/2014,Restaurant - Burgers,-13.06,CA
21899,1/14/2014,Movie Ticket,-17.28,CA
21899,1/15/2014,Bowling,-73.8,CA
21899,1/16/2014,Rodriguez's Bar and Grill,-39.14,CA
21899,1/17/2014,Public Transportation - Train Pass,-0.37,CA
21899,1/17/2014,John's Bar & Restaurant,-7.32,CA
21899,1/17/2014,Restaurant - Chinese,-22.07,CA
21899,1/18/2014,Taxi,-25.45,CA
21899,1/18/2014,Seaside Bar,-28.33,CA
21899,1/18/2014,Rodriguez's Bar and Grill,-107.55,CA
21899,1/18/2014,Food Delivery - GrubHub,-26.81,CA
21899,1/18/2014,Movie Ticket,-18.37,CA
21899,1/18/2014,Restaurant - Pizza,-21.84,CA
21899,1/18/2014,Public Transportation - Bus Pass,-33.34,CA
21899,1/19/2014,Public Transportation - Train Pass,-38.47,CA
21899,1/19/2014,Movie Ticket,-22.32,CA
21899,1/19/2014,Sprouts Market,-13.22,CA
21899,1/19/2014,Ralph's Grocery Store,-16.48,CA
21899,1/19/2014,Concert Ticket,-5.89,CA
21899,1/20/2014,Public Transportation - Train Pass,-15.75,CA
21899,1/20/2014,Green Flash Brewery,-27.44,CA
21899,1/21/2014,Seaside Bar,-20.48,CA
21899,1/21/2014,Rodriguez's Bar and Grill,-12.52,CA
21899,1/21/2014,Fisker Night Club,-56.68,CA
21899,1/21/2014,Public Transportation - Train Pass,-37.93,CA
21899,1/21/2014,Food Delivery - GrubHub,-35.26,CA
21899,1/21/2014,John's Bar & Restaurant,-12.93,CA
21899,1/22/2014,Seaside Bar,-24.28,CA
21899,1/22/2014,John's Bar & Restaurant,-26.88,CA
21899,1/23/2014,Sprouts Market,-11.8,CA
21899,1/23/2014,Public Transportation - Bus Pass,-8.25,CA
21899,1/23/2014,John's Bar & Restaurant,-6.63,CA
21899,1/23/2014,Owl Night Club,-36.72,CA
21899,1/23/2014,Bowling,-67.42,CA
21899,1/24/2014,Public Transportation - Bus Pass,-2.53,CA
21899,1/24/2014,Restaurant - Pizza,-11.94,CA
21899,1/24/2014,Restaurant - Pizza,-22.13,CA
21899,1/24/2014,Fisker Night Club,-6.78,CA
21899,1/25/2014,Von's Groceries,-38.78,CA
21899,1/25/2014,John's Bar & Restaurant,-1.09,CA
21899,1/25/2014,Restaurant - Steakhouse,-10.34,CA
21899,1/25/2014,Restaurant - Pizza,-37.75,CA
21899,1/26/2014,Sprouts Market,-6.45,CA
21899,1/26/2014,Ralph's Grocery Store,-22.37,CA
21899,1/26/2014,Bowling,-91.65,CA
21899,1/26/2014,Rodriguez's Bar and Grill,-86.87,CA
21899,1/27/2014,Public Transportation - Train Pass,-25.97,CA
21899,1/27/2014,John's Bar & Restaurant,-15.31,CA
21899,1/27/2014,Whole Foods,-66.55,CA
21899,1/27/2014,Bowling,-4.26,CA
21899,1/27/2014,Owl Night Club,-4.85,CA
21899,1/28/2014,John's Bar & Restaurant,-53.69,CA
21899,1/29/2014,Public Transportation - Bus Pass,-19.11,CA
21899,1/30/2014,Ice Skating Rink,-16.23,CA
21899,1/30/2014,Lyft,-8.95,CA
21899,1/30/2014,Uber,-11.24,CA
21899,1/30/2014,Restaurant - Chinese,-17.12,CA
21899,3/2/2014,Paycheck,4123,CA
21899,3/2/2014,Housing Rent,-1039,CA
21899,3/2/2014,Time Warner Cable,-30,CA
21899,3/2/2014,John's Bar & Restaurant,-8.91,CA
21899,3/3/2014,Seaside Bar,-78.64,CA
21899,3/3/2014,Ice Skating Rink,-104.49,CA
21899,3/4/2014,Ice Skating Rink,-63.63,CA
21899,3/4/2014,Sprouts Market,-8.95,CA
21899,3/4/2014,Public Transportation - Train Pass,-26.24,CA
21899,3/4/2014,Taxi,-26.01,CA
21899,3/4/2014,Von's Groceries,-28.37,CA
21899,3/4/2014,Rodriguez's Bar and Grill,-6.16,CA
21899,3/4/2014,Starbucks Coffee,-20.3,CA
21899,3/5/2014,Movie Ticket,-73.81,CA
21899,3/5/2014,Uber,-26.87,CA
21899,3/6/2014,Uber,-28.33,CA
21899,3/6/2014,Ice Skating Rink,-1.55,CA
21899,3/7/2014,John's Bar & Restaurant,-13.51,CA
21899,3/7/2014,Bowling,-27.55,CA
21899,3/8/2014,Movie Ticket,-36.93,CA
21899,3/8/2014,Owl Night Club,-20.54,CA
21899,3/8/2014,Ice Skating Rink,-61.02,CA
21899,3/8/2014,Rodriguez's Bar and Grill,-21.79,CA
21899,3/8/2014,Owl Night Club,-5.45,CA
21899,3/8/2014,Seaside Bar,-12.9,CA
21899,3/9/2014,Green Flash Brewery,-25.18,CA
21899,3/9/2014,Bowling,-23.23,CA
21899,3/9/2014,Lyft,-33.92,CA
21899,3/9/2014,Wine Bar,-2.49,CA
21899,3/9/2014,John's Bar & Restaurant,-21.39,CA
21899,3/10/2014,Karaoke Bar,-3.11,CA
21899,3/10/2014,Uber,-23.98,CA
21899,3/10/2014,John's Bar & Restaurant,-33.18,CA
21899,3/10/2014,Seaside Bar,-81.51,CA
21899,3/11/2014,Karaoke Bar,-14.95,CA
21899,3/11/2014,Green Flash Brewery,-7.85,CA
21899,3/11/2014,Fisker Night Club,-12.97,CA
21899,3/11/2014,John's Bar & Restaurant,-1.26,CA
21899,3/12/2014,Wine Bar,-17.4,CA
21899,3/12/2014,John's Bar & Restaurant,-13.07,CA
21899,3/13/2014,Rodriguez's Bar and Grill,-18.62,CA
21899,3/13/2014,Lyft,-35.87,CA
21899,3/14/2014,Concert Ticket,-29.55,CA
21899,3/14/2014,Uber,-117.72,CA
21899,3/14/2014,Owl Night Club,-8.23,CA
21899,3/14/2014,Green Flash Brewery,-20.18,CA
21899,3/15/2014,Rodriguez's Bar and Grill,-8.19,CA
21899,3/15/2014,Public Transportation - Bus Pass,-24.79,CA
21899,3/16/2014,Fisker Night Club,-8.01,CA
21899,3/16/2014,Ice Skating Rink,-11.69,CA
21899,3/17/2014,Uber,-96.28,CA
21899,3/17/2014,Bowling,-26.55,CA
21899,3/18/2014,Restaurant - Pizza,-8.24,CA
21899,3/18/2014,Movie Ticket,-23.22,CA
21899,3/18/2014,Restaurant - Chinese,-29.59,CA
21899,3/18/2014,Taxi,-22.18,CA
21899,3/19/2014,Taxi,-35.02,CA
21899,3/19/2014,Fisker Night Club,-38.35,CA
21899,3/20/2014,Concert Ticket,-62.71,CA
21899,3/21/2014,Starbucks Coffee,-29.43,CA
21899,3/21/2014,Restaurant - Burgers,-29.55,CA
21899,3/22/2014,Movie Ticket,-21.55,CA
21899,3/22/2014,Public Transportation - Train Pass,-6.47,CA
21899,3/22/2014,Ice Skating Rink,-14.34,CA
21899,3/22/2014,Owl Night Club,-28.42,CA
21899,3/22/2014,Restaurant - Burgers,-5.34,CA
21899,3/22/2014,Starbucks Coffee,-29.59,CA
21899,3/22/2014,Movie Ticket,-36.3,CA
21899,3/23/2014,Karaoke Bar,-31.27,CA
21899,3/23/2014,Bowling,-3.38,CA
21899,3/23/2014,Fisker Night Club,-32.65,CA
21899,3/23/2014,Concert Ticket,-4,CA
21899,3/23/2014,Concert Ticket,-34.83,CA
21899,3/23/2014,Concert Ticket,-18.52,CA
21899,3/24/2014,Ice Skating Rink,-52.96,CA
21899,3/24/2014,Ralph's Grocery Store,-28.91,CA
21899,3/24/2014,Rodriguez's Bar and Grill,-36.32,CA
21899,3/25/2014,Public Transportation - Train Pass,-24.97,CA
21899,3/25/2014,Fisker Night Club,-29.02,CA
21899,3/25/2014,Uber,-13.92,CA
21899,3/25/2014,Fisker Night Club,-3.74,CA
21899,3/26/2014,Green Flash Brewery,-20.81,CA
21899,3/27/2014,Restaurant - Chinese,-18.02,CA
21899,3/28/2014,Public Transportation - Bus Pass,-67.77,CA
21899,3/28/2014,Public Transportation - Train Pass,-7.58,CA
21899,3/29/2014,Rodriguez's Bar and Grill,-8.13,CA
21899,3/30/2014,Wine Bar,-15.14,CA
21899,3/30/2014,Lyft,-31.75,CA
21899,3/30/2014,Whole Foods,-40.33,CA
21899,3/30/2014,Green Flash Brewery,-15.53,CA
21899,4/2/2014,Paycheck,4123,CA
21899,4/2/2014,Housing Rent,-719,CA
21899,4/2/2014,Time Warner Cable,-30,CA
21899,4/2/2014,Bowling,-2.91,CA
21899,4/2/2014,John's Bar & Restaurant,-17.57,CA
21899,4/2/2014,Starbucks Coffee,-35.39,CA
21899,4/3/2014,Uber,-3.65,CA
21899,4/3/2014,Fisker Night Club,-13.07,CA
21899,4/3/2014,Green Flash Brewery,-24.02,CA
21899,4/3/2014,Concert Ticket,-5.1,CA
21899,4/4/2014,Karaoke Bar,-70.31,CA
21899,4/5/2014,Ralph's Grocery Store,-10.37,CA
21899,4/5/2014,Public Transportation - Train Pass,-15.76,CA
21899,4/5/2014,Movie Ticket,-49.95,CA
21899,4/6/2014,Restaurant - Steakhouse,-34.38,CA
21899,4/6/2014,Ice Skating Rink,-19.9,CA
21899,4/6/2014,Wine Bar,-23.57,CA
21899,4/7/2014,Restaurant - Chinese,-28.8,CA
21899,4/8/2014,Restaurant - Steakhouse,-38.41,CA
21899,4/8/2014,Concert Ticket,-32.81,CA
21899,4/8/2014,Wine Bar,-2.49,CA
21899,4/8/2014,Karaoke Bar,-5.15,CA
21899,4/9/2014,Wine Bar,-7.31,CA
21899,4/9/2014,Bowling,-109.91,CA
21899,4/10/2014,Restaurant - Chinese,-54.98,CA
21899,4/10/2014,Rodriguez's Bar and Grill,-11.98,CA
21899,4/10/2014,Restaurant - Pizza,-28.31,CA
21899,4/10/2014,Concert Ticket,-108.52,CA
21899,4/10/2014,Ralph's Grocery Store,-18.99,CA
21899,4/10/2014,Public Transportation - Bus Pass,-25.35,CA
21899,4/10/2014,Lyft,-7.77,CA
21899,4/10/2014,Bowling,-16.95,CA
21899,4/10/2014,Bowling,-20.22,CA
21899,4/11/2014,Public Transportation - Bus Pass,-82.74,CA
21899,4/11/2014,Ralph's Grocery Store,-62.06,CA
21899,4/11/2014,Taxi,-47.66,CA
21899,4/11/2014,Rodriguez's Bar and Grill,-39.76,CA
21899,4/11/2014,Concert Ticket,-0.95,CA
21899,4/12/2014,Rodriguez's Bar and Grill,-31.07,CA
21899,4/12/2014,Von's Groceries,-37.46,CA
21899,4/12/2014,Public Transportation - Train Pass,-29.28,CA
21899,4/12/2014,Ice Skating Rink,-86.79,CA
21899,4/12/2014,Fisker Night Club,-28.53,CA
21899,4/12/2014,John's Bar & Restaurant,-19.95,CA
21899,4/13/2014,Green Flash Brewery,-36.58,CA
21899,4/13/2014,Concert Ticket,-36.26,CA
21899,4/13/2014,Seaside Bar,-10.51,CA
21899,4/14/2014,Owl Night Club,-4.81,CA
21899,4/14/2014,Von's Groceries,-18.31,CA
21899,4/15/2014,Restaurant - Burgers,-80.57,CA
21899,4/16/2014,Seaside Bar,-24.28,CA
21899,4/16/2014,Wine Bar,-33.71,CA
21899,4/16/2014,Fisker Night Club,-74.3,CA
21899,4/16/2014,Restaurant - Steakhouse,-15.61,CA
21899,4/16/2014,Karaoke Bar,-26.1,CA
21899,4/17/2014,Owl Night Club,-27.13,CA
21899,4/17/2014,Concert Ticket,-7.82,CA
21899,4/18/2014,Restaurant - Chinese,-24.53,CA
21899,4/18/2014,Karaoke Bar,-28.56,CA
21899,4/18/2014,John's Bar & Restaurant,-19.4,CA
21899,4/18/2014,Food Delivery - GrubHub,-7.98,CA
21899,4/19/2014,Restaurant - Burgers,-5.99,CA
21899,4/20/2014,Seaside Bar,-48.61,CA
21899,4/20/2014,John's Bar & Restaurant,-21.66,CA
21899,4/20/2014,Fisker Night Club,-23.93,CA
21899,4/21/2014,Seaside Bar,-0.72,CA
21899,4/21/2014,Uber,-11.61,CA
21899,4/21/2014,Movie Ticket,-24.96,CA
21899,4/21/2014,Taxi,-115.26,CA
21899,4/22/2014,Movie Ticket,-11.06,CA
21899,4/22/2014,Lyft,-2.8,CA
21899,4/22/2014,Public Transportation - Train Pass,-38.11,CA
21899,4/22/2014,Concert Ticket,-108.68,CA
21899,4/22/2014,Von's Groceries,-40.67,CA
21899,4/22/2014,Bowling,-18.19,CA
21899,4/22/2014,Owl Night Club,-25.25,CA
21899,4/22/2014,Concert Ticket,-52.95,CA
21899,4/23/2014,Karaoke Bar,-68.57,CA
21899,4/23/2014,John's Bar & Restaurant,-74.4,CA
21899,4/23/2014,Movie Ticket,-33.37,CA
21899,4/24/2014,Fisker Night Club,-16.4,CA
21899,4/25/2014,Karaoke Bar,-7.75,CA
21899,4/25/2014,Taxi,-15.91,CA
21899,4/25/2014,Bowling,-3.89,CA
21899,4/25/2014,Owl Night Club,-15.25,CA
21899,4/26/2014,Bowling,-13.47,CA
21899,4/26/2014,Lyft,-36.51,CA
21899,4/26/2014,Fisker Night Club,-19.49,CA
21899,4/27/2014,Restaurant - Steakhouse,-80.63,CA
21899,4/28/2014,Public Transportation - Train Pass,-12.21,CA
21899,4/28/2014,Restaurant - Pizza,-37.37,CA
21899,4/28/2014,Restaurant - Steakhouse,-37.5,CA
21899,4/28/2014,Green Flash Brewery,-87.04,CA
21899,4/29/2014,Uber,-114.99,CA
21899,4/29/2014,Ice Skating Rink,-38.67,CA
21899,4/30/2014,Karaoke Bar,-102.67,CA
21899,4/30/2014,Food Delivery - GrubHub,-31.8,CA
21899,4/30/2014,Karaoke Bar,-25.68,CA
21899,4/30/2014,Owl Night Club,-101.49,CA
21899,5/2/2014,Paycheck,4123,CA
21899,5/2/2014,Housing Rent,-1304,CA
21899,5/2/2014,Time Warner Cable,-30,CA
21899,5/2/2014,Concert Ticket,-4.91,CA
21899,5/2/2014,Restaurant - Burgers,-30.66,CA
21899,5/2/2014,Fisker Night Club,-27.45,CA
21899,5/3/2014,Restaurant - Burgers,-13.61,CA
21899,5/3/2014,Seaside Bar,-72.11,CA
21899,5/4/2014,Ice Skating Rink,-0.38,CA
21899,5/4/2014,Green Flash Brewery,-3.31,CA
21899,5/5/2014,Public Transportation - Train Pass,-34.23,CA
21899,5/6/2014,Whole Foods,-20.71,CA
21899,5/6/2014,Starbucks Coffee,-24.87,CA
21899,5/6/2014,Public Transportation - Bus Pass,-8.67,CA
21899,5/6/2014,Food Delivery - GrubHub,-8.46,CA
21899,5/7/2014,Sprouts Market,-25.57,CA
21899,5/7/2014,Green Flash Brewery,-39.61,CA
21899,5/8/2014,Bowling,-21.39,CA
21899,5/8/2014,Taxi,-15.96,CA
21899,5/8/2014,John's Bar & Restaurant,-5.97,CA
21899,5/8/2014,Public Transportation - Bus Pass,-110.04,CA
21899,5/8/2014,John's Bar & Restaurant,-11.13,CA
21899,5/9/2014,Sprouts Market,-11.39,CA
21899,5/10/2014,Starbucks Coffee,-39.45,CA
21899,5/10/2014,Ice Skating Rink,-0.49,CA
21899,5/11/2014,Public Transportation - Bus Pass,-5.62,CA
21899,5/11/2014,Lyft,-27.84,CA
21899,5/11/2014,Fisker Night Club,-7.37,CA
21899,5/12/2014,Taxi,-37.72,CA
21899,5/12/2014,Public Transportation - Bus Pass,-14.8,CA
21899,5/12/2014,Rodriguez's Bar and Grill,-8.06,CA
21899,5/12/2014,Wine Bar,-18.07,CA
21899,5/13/2014,Food Delivery - GrubHub,-112.08,CA
21899,5/13/2014,Concert Ticket,-16.46,CA
21899,5/13/2014,Sprouts Market,-37.92,CA
21899,5/14/2014,Concert Ticket,-40.13,CA
21899,5/15/2014,Concert Ticket,-29.41,CA
21899,5/15/2014,Public Transportation - Bus Pass,-12.07,CA
21899,5/15/2014,Lyft,-24.45,CA
21899,5/15/2014,Taxi,-37.5,CA
21899,5/15/2014,Wine Bar,-32.63,CA
21899,5/16/2014,Restaurant - Chinese,-6.01,CA
21899,5/17/2014,Public Transportation - Train Pass,-0.17,CA
21899,5/17/2014,Wine Bar,-36.22,CA
21899,5/17/2014,Movie Ticket,-72.56,CA
21899,5/17/2014,Public Transportation - Train Pass,-17.48,CA
21899,5/17/2014,John's Bar & Restaurant,-3.9,CA
21899,5/18/2014,Ralph's Grocery Store,-15.67,CA
21899,5/18/2014,Ice Skating Rink,-15.83,CA
21899,5/18/2014,Rodriguez's Bar and Grill,-23.79,CA
21899,5/19/2014,John's Bar & Restaurant,-3.88,CA
21899,5/19/2014,Ice Skating Rink,-40.94,CA
21899,5/19/2014,Uber,-8.6,CA
21899,5/19/2014,Von's Groceries,-25.51,CA
21899,5/19/2014,Owl Night Club,-34.1,CA
21899,5/19/2014,Ice Skating Rink,-32.19,CA
21899,5/19/2014,Seaside Bar,-1.21,CA
21899,5/19/2014,Starbucks Coffee,-23.97,CA
21899,5/19/2014,Fisker Night Club,-26.35,CA
21899,5/20/2014,Bowling,-3.78,CA
21899,5/21/2014,Seaside Bar,-30.55,CA
21899,5/21/2014,Restaurant - Pizza,-29.27,CA
21899,5/21/2014,Ralph's Grocery Store,-16.57,CA
21899,5/21/2014,Bowling,-17.85,CA
21899,5/21/2014,Seaside Bar,-28.55,CA
21899,5/21/2014,Ralph's Grocery Store,-2.36,CA
21899,5/21/2014,Restaurant - Steakhouse,-95.15,CA
21899,5/21/2014,Public Transportation - Bus Pass,-15.19,CA
21899,5/21/2014,Karaoke Bar,-14.36,CA
21899,5/22/2014,Restaurant - Pizza,-28.85,CA
21899,5/22/2014,Restaurant - Chinese,-45.48,CA
21899,5/23/2014,Fisker Night Club,-53.88,CA
21899,5/24/2014,Seaside Bar,-12.18,CA
21899,5/24/2014,Uber,-112.21,CA
21899,5/24/2014,Public Transportation - Train Pass,-34.94,CA
21899,5/24/2014,Concert Ticket,-32.72,CA
21899,5/25/2014,Green Flash Brewery,-7.51,CA
21899,5/25/2014,Owl Night Club,-3.52,CA
21899,5/25/2014,Fisker Night Club,-62.15,CA
21899,5/25/2014,Karaoke Bar,-51.48,CA
21899,5/25/2014,Food Delivery - GrubHub,-37.99,CA
21899,5/26/2014,Wine Bar,-37.01,CA
21899,5/26/2014,Seaside Bar,-34.67,CA
21899,5/27/2014,Rodriguez's Bar and Grill,-5.84,CA
21899,5/27/2014,Owl Night Club,-22.26,CA
21899,5/27/2014,Ralph's Grocery Store,-86.77,CA
21899,5/27/2014,Fisker Night Club,-70.14,CA
21899,5/27/2014,Uber,-8.23,CA
21899,5/27/2014,Bowling,-64.55,CA
21899,5/28/2014,Whole Foods,-37.77,CA
21899,5/28/2014,Seaside Bar,-11.13,CA
21899,5/28/2014,Ice Skating Rink,-37.22,CA
21899,5/28/2014,Taxi,-33.7,CA
21899,5/28/2014,Public Transportation - Train Pass,-39.93,CA
21899,5/28/2014,Concert Ticket,-39.17,CA
21899,5/28/2014,Concert Ticket,-17.26,CA
21899,5/28/2014,Fisker Night Club,-9.07,CA
21899,5/28/2014,Bowling,-64.15,CA
21899,5/28/2014,Restaurant - Chinese,-20.83,CA
21899,5/29/2014,Restaurant - Steakhouse,-82.75,CA
21899,5/29/2014,Owl Night Club,-0.41,CA
21899,5/29/2014,Public Transportation - Train Pass,-32.33,CA
21899,5/29/2014,Rodriguez's Bar and Grill,-29.83,CA
21899,5/29/2014,Taxi,-9.41,CA
21899,5/30/2014,John's Bar & Restaurant,-23.71,CA
21899,5/30/2014,Karaoke Bar,-0.03,CA
21899,5/30/2014,Starbucks Coffee,-23.76,CA
21899,6/2/2014,Paycheck,4123,CA
21899,6/2/2014,Housing Rent,-867,CA
21899,6/2/2014,Time Warner Cable,-30,CA
21899,6/2/2014,Public Transportation - Bus Pass,-15.65,CA
21899,6/3/2014,Concert Ticket,-94.39,CA
21899,6/3/2014,Owl Night Club,-34.56,CA
21899,6/4/2014,Owl Night Club,-1.39,CA
21899,6/4/2014,Fisker Night Club,-7.74,CA
21899,6/5/2014,Owl Night Club,-36.51,CA
21899,6/5/2014,Rodriguez's Bar and Grill,-31.66,CA
21899,6/6/2014,Sprouts Market,-20.32,CA
21899,6/7/2014,Green Flash Brewery,-12.16,CA
21899,6/7/2014,Fisker Night Club,-22.91,CA
21899,6/7/2014,Seaside Bar,-58.88,CA
21899,6/7/2014,Food Delivery - GrubHub,-31.82,CA
21899,6/8/2014,Food Delivery - GrubHub,-87.09,CA
21899,6/8/2014,Restaurant - Pizza,-25.2,CA
21899,6/8/2014,Whole Foods,-1.22,CA
21899,6/9/2014,Karaoke Bar,-37.22,CA
21899,6/9/2014,Seaside Bar,-21.33,CA
21899,6/10/2014,Owl Night Club,-32.93,CA
21899,6/11/2014,Owl Night Club,-33.73,CA
21899,6/12/2014,Ice Skating Rink,-85.12,CA
21899,6/13/2014,Restaurant - Chinese,-8.95,CA
21899,6/13/2014,Restaurant - Chinese,-36.87,CA
21899,6/14/2014,Taxi,-1.92,CA
21899,6/14/2014,Fisker Night Club,-27.12,CA
21899,6/14/2014,Concert Ticket,-37.21,CA
21899,6/15/2014,Public Transportation - Train Pass,-25.28,CA
21899,6/15/2014,John's Bar & Restaurant,-0.71,CA
21899,6/15/2014,Taxi,-14.91,CA
21899,6/15/2014,Restaurant - Pizza,-21.71,CA
21899,6/16/2014,Wine Bar,-35.3,CA
21899,6/16/2014,Public Transportation - Train Pass,-96.67,CA
21899,6/16/2014,Concert Ticket,-28.44,CA
21899,6/16/2014,Green Flash Brewery,-26.22,CA
21899,6/16/2014,Sprouts Market,-50.84,CA
21899,6/16/2014,Seaside Bar,-6.71,CA
21899,6/16/2014,Fisker Night Club,-20.2,CA
21899,6/17/2014,Ice Skating Rink,-11.05,CA
21899,6/17/2014,Owl Night Club,-31.98,CA
21899,6/18/2014,Green Flash Brewery,-41.38,CA
21899,6/19/2014,Wine Bar,-104.63,CA
21899,6/19/2014,Public Transportation - Bus Pass,-28.58,CA
21899,6/19/2014,Wine Bar,-34.44,CA
21899,6/20/2014,Movie Ticket,-19.47,CA
21899,6/20/2014,Fisker Night Club,-6.26,CA
21899,6/20/2014,Movie Ticket,-39.53,CA
21899,6/20/2014,Rodriguez's Bar and Grill,-11.74,CA
21899,6/21/2014,Restaurant - Pizza,-23.32,CA
21899,6/22/2014,Restaurant - Steakhouse,-1.82,CA
21899,6/22/2014,Restaurant - Chinese,-20.24,CA
21899,6/22/2014,Seaside Bar,-15.65,CA
21899,6/22/2014,Lyft,-24.92,CA
21899,6/23/2014,Wine Bar,-4.82,CA
21899,6/24/2014,Fisker Night Club,-9.79,CA
21899,6/24/2014,Restaurant - Steakhouse,-10.32,CA
21899,6/24/2014,Starbucks Coffee,-14.18,CA
21899,6/24/2014,Taxi,-24.75,CA
21899,6/24/2014,Food Delivery - GrubHub,-27.42,CA
21899,6/24/2014,Rodriguez's Bar and Grill,-9.95,CA
21899,6/24/2014,Public Transportation - Bus Pass,-38.81,CA
21899,6/24/2014,Movie Ticket,-0.87,CA
21899,6/24/2014,Rodriguez's Bar and Grill,-14.55,CA
21899,6/24/2014,Public Transportation - Train Pass,-11.47,CA
21899,6/24/2014,Ice Skating Rink,-26.07,CA
21899,6/24/2014,Seaside Bar,-30.34,CA
21899,6/25/2014,Fisker Night Club,-7.39,CA
21899,6/25/2014,Movie Ticket,-34.24,CA
21899,6/25/2014,Wine Bar,-15.71,CA
21899,6/26/2014,Restaurant - Steakhouse,-48.9,CA
21899,6/27/2014,Concert Ticket,-11.13,CA
21899,6/27/2014,Public Transportation - Bus Pass,-8.11,CA
21899,6/27/2014,Uber,-37.28,CA
21899,6/27/2014,Owl Night Club,-37.87,CA
21899,6/28/2014,Concert Ticket,-9.19,CA
21899,6/29/2014,Concert Ticket,-22.99,CA
21899,6/29/2014,Ice Skating Rink,-29.28,CA
21899,6/29/2014,Taxi,-13.19,CA
21899,6/29/2014,Ice Skating Rink,-3.64,CA
21899,6/29/2014,Rodriguez's Bar and Grill,-34.1,CA
21899,6/29/2014,Public Transportation - Bus Pass,-1.61,CA
21899,6/29/2014,John's Bar & Restaurant,-24.54,CA
21899,6/29/2014,Green Flash Brewery,-93.16,CA
21899,6/29/2014,Von's Groceries,-2.9,CA
21899,6/29/2014,Food Delivery - GrubHub,-38.22,CA
21899,6/29/2014,Restaurant - Pizza,-9.44,CA
21899,6/29/2014,Lyft,-2.32,CA
21899,6/30/2014,Rodriguez's Bar and Grill,-8.13,CA
21899,6/30/2014,Starbucks Coffee,-46.16,CA
21899,6/30/2014,Sprouts Market,-107.49,CA
21899,6/30/2014,Green Flash Brewery,-12.72,CA
21899,6/30/2014,Karaoke Bar,-11.81,CA
21899,7/2/2014,Paycheck,4123,CA
21899,7/2/2014,Housing Rent,-1274,CA
21899,7/2/2014,Time Warner Cable,-30,CA
21899,7/2/2014,Uber,-12.89,CA
21899,7/2/2014,Public Transportation - Train Pass,-35.71,CA
21899,7/3/2014,Fisker Night Club,-36.72,CA
21899,7/3/2014,Taxi,-6.86,CA
21899,7/3/2014,Green Flash Brewery,-6.48,CA
21899,7/3/2014,Green Flash Brewery,-12.26,CA
21899,7/4/2014,Bowling,-1.05,CA
21899,7/4/2014,Uber,-71.42,CA
21899,7/4/2014,Lyft,-9.89,CA
21899,7/4/2014,Uber,-2.49,CA
21899,7/4/2014,Rodriguez's Bar and Grill,-13.32,CA
21899,7/4/2014,Karaoke Bar,-37.39,CA
21899,7/4/2014,Ice Skating Rink,-28.02,CA
21899,7/4/2014,Ice Skating Rink,-28.24,CA
21899,7/4/2014,Bowling,-12.58,CA
21899,7/4/2014,Concert Ticket,-11.56,CA
21899,7/4/2014,Owl Night Club,-4.13,CA
21899,7/4/2014,Green Flash Brewery,-118.1,CA
21899,7/4/2014,Lyft,-12.1,CA
21899,7/4/2014,Sprouts Market,-25.03,CA
21899,7/5/2014,Wine Bar,-3.79,CA
21899,7/5/2014,Rodriguez's Bar and Grill,-1.76,CA
21899,7/5/2014,Movie Ticket,-30.92,CA
21899,7/6/2014,Fisker Night Club,-9.76,CA
21899,7/6/2014,Movie Ticket,-15.96,CA
21899,7/6/2014,Wine Bar,-13.3,CA
21899,7/6/2014,Von's Groceries,-12.9,CA
21899,7/6/2014,Public Transportation - Bus Pass,-37.01,CA
21899,7/6/2014,Karaoke Bar,-24.87,CA
21899,7/6/2014,John's Bar & Restaurant,-42.13,CA
21899,7/6/2014,Owl Night Club,-13.64,CA
21899,7/6/2014,Owl Night Club,-25.65,CA
21899,7/6/2014,Uber,-9.83,CA
21899,7/6/2014,Green Flash Brewery,-4.35,CA
21899,7/7/2014,Karaoke Bar,-58.55,CA
21899,7/7/2014,Restaurant - Burgers,-13.8,CA
21899,7/7/2014,Green Flash Brewery,-58.57,CA
21899,7/7/2014,Whole Foods,-7,CA
21899,7/7/2014,Sprouts Market,-12.99,CA
21899,7/7/2014,Owl Night Club,-28.14,CA
21899,7/8/2014,Lyft,-6.29,CA
21899,7/8/2014,Uber,-10.1,CA
21899,7/9/2014,Restaurant - Burgers,-23.8,CA
21899,7/10/2014,Rodriguez's Bar and Grill,-15.47,CA
21899,7/10/2014,Taxi,-24.37,CA
21899,7/10/2014,Rodriguez's Bar and Grill,-39.35,CA
21899,7/10/2014,Bowling,-4.53,CA
21899,7/11/2014,Green Flash Brewery,-13.16,CA
21899,7/11/2014,Movie Ticket,-22.7,CA
21899,7/12/2014,Taxi,-4.86,CA
21899,7/12/2014,Public Transportation - Train Pass,-2.14,CA
21899,7/13/2014,Green Flash Brewery,-25.87,CA
21899,7/13/2014,Fisker Night Club,-13.44,CA
21899,7/14/2014,Von's Groceries,-39.65,CA
21899,7/15/2014,Taxi,-37.46,CA
21899,7/15/2014,Rodriguez's Bar and Grill,-36.37,CA
21899,7/16/2014,Fisker Night Club,-6.27,CA
21899,7/16/2014,Restaurant - Burgers,-24.93,CA
21899,7/16/2014,Public Transportation - Train Pass,-37.17,CA
21899,7/17/2014,Movie Ticket,-26.24,CA
21899,7/17/2014,Green Flash Brewery,-2.65,CA
21899,7/17/2014,Taxi,-6.14,CA
21899,7/17/2014,Public Transportation - Bus Pass,-35.73,CA
21899,7/17/2014,Karaoke Bar,-39.48,CA
21899,7/17/2014,Owl Night Club,-0.8,CA
21899,7/18/2014,Green Flash Brewery,-32.44,CA
21899,7/18/2014,Uber,-38.84,CA
21899,7/18/2014,Restaurant - Steakhouse,-19.41,CA
21899,7/18/2014,Bowling,-36.88,CA
21899,7/18/2014,Lyft,-17.76,CA
21899,7/18/2014,Fisker Night Club,-22.07,CA
21899,7/18/2014,Whole Foods,-24.91,CA
21899,7/19/2014,Seaside Bar,-114.94,CA
21899,7/19/2014,Starbucks Coffee,-21.47,CA
21899,7/20/2014,Wine Bar,-2.07,CA
21899,7/20/2014,Von's Groceries,-81.63,CA
21899,7/20/2014,Taxi,-23.3,CA
21899,7/21/2014,Public Transportation - Bus Pass,-6.82,CA
21899,7/22/2014,Movie Ticket,-38.29,CA
21899,7/22/2014,Owl Night Club,-22.18,CA
21899,7/22/2014,Ice Skating Rink,-9.18,CA
21899,7/22/2014,Public Transportation - Train Pass,-6.86,CA
21899,7/23/2014,Restaurant - Pizza,-71.02,CA
21899,7/23/2014,Food Delivery - GrubHub,-15.67,CA
21899,7/24/2014,Public Transportation - Bus Pass,-21.95,CA
21899,7/25/2014,John's Bar & Restaurant,-1.34,CA
21899,7/25/2014,Von's Groceries,-16.57,CA
21899,7/26/2014,Karaoke Bar,-39.89,CA
21899,7/26/2014,Bowling,-35.39,CA
21899,7/26/2014,Public Transportation - Bus Pass,-23.86,CA
21899,7/26/2014,Ralph's Grocery Store,-28.37,CA
21899,7/26/2014,Sprouts Market,-14.28,CA
21899,7/26/2014,Owl Night Club,-22.91,CA
21899,7/27/2014,Public Transportation - Train Pass,-10.96,CA
21899,7/27/2014,Von's Groceries,-66.56,CA
21899,7/27/2014,Sprouts Market,-34.83,CA
21899,7/28/2014,Owl Night Club,-31.49,CA
21899,7/29/2014,Rodriguez's Bar and Grill,-0.01,CA
21899,7/29/2014,Movie Ticket,-20.09,CA
21899,7/29/2014,Lyft,-37.19,CA
21899,7/30/2014,Uber,-46.07,CA
21899,7/30/2014,Rodriguez's Bar and Grill,-17.95,CA
21899,7/30/2014,Seaside Bar,-2.28,CA
21899,7/30/2014,Karaoke Bar,-0.52,CA
21899,8/2/2014,Paycheck,4123,CA
21899,8/2/2014,Housing Rent,-980,CA
21899,8/2/2014,Time Warner Cable,-30,CA
21899,8/2/2014,Taxi,-10.2,CA
21899,8/3/2014,Owl Night Club,-11.64,CA
21899,8/3/2014,Public Transportation - Bus Pass,-2.94,CA
21899,8/3/2014,Green Flash Brewery,-111.67,CA
21899,8/3/2014,Owl Night Club,-15.12,CA
21899,8/4/2014,Rodriguez's Bar and Grill,-14.15,CA
21899,8/4/2014,Lyft,-19.29,CA
21899,8/5/2014,Starbucks Coffee,-26.32,CA
21899,8/6/2014,Green Flash Brewery,-111.12,CA
21899,8/6/2014,Taxi,-31.39,CA
21899,8/6/2014,Public Transportation - Bus Pass,-6.68,CA
21899,8/6/2014,Public Transportation - Bus Pass,-23.64,CA
21899,8/7/2014,Green Flash Brewery,-4.88,CA
21899,8/7/2014,Seaside Bar,-2.81,CA
21899,8/8/2014,Ice Skating Rink,-24.22,CA
21899,8/8/2014,Food Delivery - GrubHub,-20.52,CA
21899,8/8/2014,Movie Ticket,-24.77,CA
21899,8/9/2014,Fisker Night Club,-30.63,CA
21899,8/9/2014,Seaside Bar,-35.75,CA
21899,8/9/2014,Public Transportation - Bus Pass,-10.09,CA
21899,8/9/2014,Seaside Bar,-21.59,CA
21899,8/9/2014,Restaurant - Steakhouse,-5.72,CA
21899,8/10/2014,Green Flash Brewery,-13.74,CA
21899,8/10/2014,Rodriguez's Bar and Grill,-9.76,CA
21899,8/10/2014,Bowling,-5.12,CA
21899,8/10/2014,John's Bar & Restaurant,-72.1,CA
21899,8/10/2014,John's Bar & Restaurant,-6.16,CA
21899,8/11/2014,Uber,-47.86,CA
21899,8/11/2014,Public Transportation - Train Pass,-1.33,CA
21899,8/12/2014,Owl Night Club,-76.61,CA
21899,8/12/2014,Wine Bar,-71.25,CA
21899,8/12/2014,Von's Groceries,-26.19,CA
21899,8/12/2014,Concert Ticket,-34.19,CA
21899,8/13/2014,Lyft,-3.07,CA
21899,8/13/2014,Bowling,-11.47,CA
21899,8/14/2014,Restaurant - Pizza,-16.47,CA
21899,8/14/2014,Ice Skating Rink,-31.52,CA
21899,8/14/2014,Public Transportation - Train Pass,-8.57,CA
21899,8/15/2014,Rodriguez's Bar and Grill,-34.18,CA
21899,8/15/2014,Green Flash Brewery,-9.82,CA
21899,8/15/2014,Rodriguez's Bar and Grill,-5.53,CA
21899,8/16/2014,Bowling,-81,CA
21899,8/16/2014,Restaurant - Pizza,-53.44,CA
21899,8/16/2014,Public Transportation - Train Pass,-57.18,CA
21899,8/16/2014,Whole Foods,-17.56,CA
21899,8/16/2014,Uber,-27.64,CA
21899,8/17/2014,Ralph's Grocery Store,-27.4,CA
21899,8/18/2014,Public Transportation - Train Pass,-4.66,CA
21899,8/18/2014,Wine Bar,-4.75,CA
21899,8/18/2014,Wine Bar,-23.16,CA
21899,8/18/2014,Seaside Bar,-33.23,CA
21899,8/18/2014,Karaoke Bar,-1.04,CA
21899,8/18/2014,Bowling,-0.69,CA
21899,8/19/2014,Bowling,-3.59,CA
21899,8/19/2014,Restaurant - Steakhouse,-15.76,CA
21899,8/20/2014,Bowling,-25.85,CA
21899,8/20/2014,Bowling,-35.5,CA
21899,8/21/2014,Starbucks Coffee,-28.61,CA
21899,8/22/2014,Taxi,-30.95,CA
21899,8/22/2014,Von's Groceries,-5.02,CA
21899,8/22/2014,Green Flash Brewery,-20.23,CA
21899,8/23/2014,Wine Bar,-84.51,CA
21899,8/23/2014,Restaurant - Steakhouse,-78.77,CA
21899,8/23/2014,John's Bar & Restaurant,-32.35,CA
21899,8/24/2014,Food Delivery - GrubHub,-1.27,CA
21899,8/24/2014,Green Flash Brewery,-1.34,CA
21899,8/24/2014,Seaside Bar,-23.86,CA
21899,8/24/2014,Lyft,-51.56,CA
21899,8/24/2014,Green Flash Brewery,-25.14,CA
21899,8/24/2014,Movie Ticket,-51.24,CA
21899,8/24/2014,Bowling,-26.57,CA
21899,8/24/2014,Lyft,-26.07,CA
21899,8/24/2014,Taxi,-39.88,CA
21899,8/24/2014,Wine Bar,-17.88,CA
21899,8/24/2014,Karaoke Bar,-6.74,CA
21899,8/25/2014,Lyft,-0.62,CA
21899,8/26/2014,Ice Skating Rink,-6.07,CA
21899,8/26/2014,Ice Skating Rink,-24.22,CA
21899,8/26/2014,Karaoke Bar,-111.64,CA
21899,8/26/2014,Bowling,-34.88,CA
21899,8/26/2014,Restaurant - Pizza,-31.22,CA
21899,8/27/2014,Ice Skating Rink,-81.02,CA
21899,8/28/2014,Green Flash Brewery,-29.48,CA
21899,8/29/2014,Movie Ticket,-21.86,CA
21899,8/29/2014,Rodriguez's Bar and Grill,-29.11,CA
21899,8/29/2014,Public Transportation - Bus Pass,-10.66,CA
21899,8/29/2014,Wine Bar,-8.79,CA
21899,8/30/2014,John's Bar & Restaurant,-99.39,CA
21899,8/30/2014,Sprouts Market,-18.49,CA
21899,9/2/2014,Paycheck,4123,CA
21899,9/2/2014,Housing Rent,-925,CA
21899,9/2/2014,Time Warner Cable,-30,CA
21899,9/2/2014,John's Bar & Restaurant,-36.17,CA
21899,9/2/2014,Uber,-0.5,CA
21899,9/3/2014,Von's Groceries,-8.15,CA
21899,9/3/2014,Rodriguez's Bar and Grill,-107.55,CA
21899,9/4/2014,Movie Ticket,-42.14,CA
21899,9/4/2014,Public Transportation - Bus Pass,-8.01,CA
21899,9/5/2014,Starbucks Coffee,-113.85,CA
21899,9/5/2014,Movie Ticket,-9.66,CA
21899,9/5/2014,Fisker Night Club,-19.78,CA
21899,9/5/2014,Owl Night Club,-7.59,CA
21899,9/5/2014,Wine Bar,-0.69,CA
21899,9/5/2014,Public Transportation - Bus Pass,-4.32,CA
21899,9/5/2014,Uber,-16.35,CA
21899,9/6/2014,Public Transportation - Bus Pass,-3.96,CA
21899,9/6/2014,Rodriguez's Bar and Grill,-38.14,CA
21899,9/6/2014,Karaoke Bar,-39.2,CA
21899,9/6/2014,Karaoke Bar,-8.46,CA
21899,9/6/2014,Sprouts Market,-109.49,CA
21899,9/6/2014,Taxi,-17.1,CA
21899,9/7/2014,Starbucks Coffee,-0.6,CA
21899,9/8/2014,Lyft,-16,CA
21899,9/9/2014,Movie Ticket,-21.76,CA
21899,9/10/2014,Owl Night Club,-33.27,CA
21899,9/11/2014,Restaurant - Steakhouse,-22.63,CA
21899,9/12/2014,Fisker Night Club,-28.75,CA
21899,9/12/2014,Rodriguez's Bar and Grill,-22.1,CA
21899,9/12/2014,Karaoke Bar,-75.91,CA
21899,9/13/2014,Public Transportation - Train Pass,-34.57,CA
21899,9/14/2014,Public Transportation - Train Pass,-18.15,CA
21899,9/14/2014,Restaurant - Pizza,-12.48,CA
21899,9/15/2014,Karaoke Bar,-99.63,CA
21899,9/15/2014,Restaurant - Burgers,-10.12,CA
21899,9/16/2014,Seaside Bar,-20.33,CA
21899,9/16/2014,Sprouts Market,-10.24,CA
21899,9/16/2014,Fisker Night Club,-27.56,CA
21899,9/16/2014,Public Transportation - Bus Pass,-62.4,CA
21899,9/17/2014,Fisker Night Club,-11.69,CA
21899,9/17/2014,Karaoke Bar,-34.39,CA
21899,9/18/2014,Lyft,-7.02,CA
21899,9/19/2014,Taxi,-62.05,CA
21899,9/20/2014,Taxi,-59.52,CA
21899,9/20/2014,Wine Bar,-37.09,CA
21899,9/21/2014,Lyft,-10.75,CA
21899,9/21/2014,Von's Groceries,-3.85,CA
21899,9/21/2014,Green Flash Brewery,-2.8,CA
21899,9/21/2014,Restaurant - Pizza,-22.39,CA
21899,9/22/2014,Movie Ticket,-24.13,CA
21899,9/22/2014,Starbucks Coffee,-34.82,CA
21899,9/23/2014,Lyft,-29.62,CA
21899,9/23/2014,John's Bar & Restaurant,-30.24,CA
21899,9/23/2014,Karaoke Bar,-27.34,CA
21899,9/23/2014,Public Transportation - Bus Pass,-7.25,CA
21899,9/24/2014,Owl Night Club,-15.7,CA
21899,9/24/2014,Seaside Bar,-13.52,CA
21899,9/25/2014,John's Bar & Restaurant,-26.21,CA
21899,9/25/2014,Bowling,-18.05,CA
21899,9/25/2014,Ice Skating Rink,-38.18,CA
21899,9/25/2014,Von's Groceries,-22.02,CA
21899,9/25/2014,Taxi,-93.17,CA
21899,9/25/2014,Public Transportation - Train Pass,-25.35,CA
21899,9/26/2014,Bowling,-109.76,CA
21899,9/26/2014,Restaurant - Pizza,-19.98,CA
21899,9/27/2014,Owl Night Club,-19.21,CA
21899,9/28/2014,Concert Ticket,-20.1,CA
21899,9/29/2014,Public Transportation - Train Pass,-61.82,CA
21899,9/29/2014,Public Transportation - Bus Pass,-85.93,CA
21899,9/29/2014,Karaoke Bar,-8.49,CA
21899,9/29/2014,Ice Skating Rink,-29.12,CA
21899,9/29/2014,Bowling,-28.67,CA
21899,9/29/2014,John's Bar & Restaurant,-76.99,CA
21899,9/29/2014,Seaside Bar,-117.07,CA
21899,9/29/2014,Concert Ticket,-31.2,CA
21899,9/29/2014,Ralph's Grocery Store,-25.11,CA
21899,9/30/2014,Fisker Night Club,-17.04,CA
21899,10/2/2014,Paycheck,4123,CA
21899,10/2/2014,Housing Rent,-1277,CA
21899,10/2/2014,Time Warner Cable,-30,CA
21899,10/2/2014,Taxi,-6.28,CA
21899,10/3/2014,Seaside Bar,-20.53,CA
21899,10/4/2014,Seaside Bar,-15.45,CA
21899,10/4/2014,Concert Ticket,-105.41,CA
21899,10/4/2014,Public Transportation - Bus Pass,-9.85,CA
21899,10/4/2014,Taxi,-22.37,CA
21899,10/4/2014,Seaside Bar,-104.65,CA
21899,10/4/2014,Seaside Bar,-31.43,CA
21899,10/4/2014,Owl Night Club,-14.48,CA
21899,10/5/2014,Ice Skating Rink,-38.73,CA
21899,10/5/2014,Fisker Night Club,-7.22,CA
21899,10/6/2014,Food Delivery - GrubHub,-6.48,CA
21899,10/6/2014,Owl Night Club,-16.64,CA
21899,10/6/2014,Sprouts Market,-12.74,CA
21899,10/6/2014,Taxi,-5.01,CA
21899,10/6/2014,Movie Ticket,-10.18,CA
21899,10/6/2014,Rodriguez's Bar and Grill,-16.17,CA
21899,10/6/2014,Movie Ticket,-31.09,CA
21899,10/6/2014,Concert Ticket,-16.08,CA
21899,10/6/2014,Von's Groceries,-34.38,CA
21899,10/6/2014,Public Transportation - Bus Pass,-11.38,CA
21899,10/6/2014,Sprouts Market,-39.06,CA
21899,10/7/2014,Movie Ticket,-36.75,CA
21899,10/7/2014,Ice Skating Rink,-15.85,CA
21899,10/7/2014,Concert Ticket,-32.8,CA
21899,10/7/2014,Owl Night Club,-3.7,CA
21899,10/7/2014,Green Flash Brewery,-4.36,CA
21899,10/7/2014,Fisker Night Club,-11.98,CA
21899,10/7/2014,Ralph's Grocery Store,-9.01,CA
21899,10/7/2014,Public Transportation - Train Pass,-0.94,CA
21899,10/8/2014,Rodriguez's Bar and Grill,-23.78,CA
21899,10/9/2014,Green Flash Brewery,-25.15,CA
21899,10/9/2014,Ice Skating Rink,-26.48,CA
21899,10/9/2014,Public Transportation - Bus Pass,-1.11,CA
21899,10/9/2014,Sprouts Market,-21.68,CA
21899,10/10/2014,Public Transportation - Bus Pass,-37.25,CA
21899,10/10/2014,Public Transportation - Bus Pass,-2.4,CA
21899,10/10/2014,Ice Skating Rink,-9.52,CA
21899,10/10/2014,Whole Foods,-24.24,CA
21899,10/11/2014,Owl Night Club,-21.09,CA
21899,10/11/2014,Fisker Night Club,-18.76,CA
21899,10/11/2014,Fisker Night Club,-3.07,CA
21899,10/11/2014,Seaside Bar,-2.69,CA
21899,10/11/2014,Concert Ticket,-14.86,CA
21899,10/11/2014,Seaside Bar,-82.99,CA
21899,10/11/2014,Von's Groceries,-12.08,CA
21899,10/11/2014,Movie Ticket,-16.67,CA
21899,10/12/2014,Public Transportation - Bus Pass,-0.41,CA
21899,10/12/2014,Ice Skating Rink,-33.26,CA
21899,10/12/2014,Seaside Bar,-26.68,CA
21899,10/12/2014,Owl Night Club,-13.56,CA
21899,10/12/2014,John's Bar & Restaurant,-99.85,CA
21899,10/12/2014,Rodriguez's Bar and Grill,-28.14,CA
21899,10/12/2014,Restaurant - Pizza,-20.03,CA
21899,10/13/2014,Bowling,-35.11,CA
21899,10/13/2014,Whole Foods,-16.85,CA
21899,10/13/2014,Concert Ticket,-12.81,CA
21899,10/14/2014,Movie Ticket,-119.86,CA
21899,10/15/2014,Ice Skating Rink,-48.02,CA
21899,10/15/2014,Wine Bar,-8.57,CA
21899,10/16/2014,Movie Ticket,-33.56,CA
21899,10/16/2014,Ice Skating Rink,-25.61,CA
21899,10/17/2014,Owl Night Club,-54.72,CA
21899,10/17/2014,Taxi,-4.43,CA
21899,10/17/2014,Uber,-22.72,CA
21899,10/17/2014,Sprouts Market,-113.9,CA
21899,10/17/2014,John's Bar & Restaurant,-117.36,CA
21899,10/17/2014,Green Flash Brewery,-30.39,CA
21899,10/17/2014,Restaurant - Steakhouse,-22.3,CA
21899,10/17/2014,Ice Skating Rink,-16.73,CA
21899,10/17/2014,Green Flash Brewery,-19.38,CA
21899,10/17/2014,Restaurant - Burgers,-35.27,CA
21899,10/17/2014,Concert Ticket,-18.52,CA
21899,10/17/2014,Movie Ticket,-19.9,CA
21899,10/18/2014,Uber,-13.02,CA
21899,10/18/2014,Rodriguez's Bar and Grill,-87.64,CA
21899,10/19/2014,Restaurant - Burgers,-37.2,CA
21899,10/19/2014,Seaside Bar,-29.73,CA
21899,10/19/2014,Karaoke Bar,-34.23,CA
21899,10/20/2014,Ice Skating Rink,-30.29,CA
21899,10/20/2014,Karaoke Bar,-39.7,CA
21899,10/20/2014,John's Bar & Restaurant,-70.25,CA
21899,10/20/2014,Ice Skating Rink,-70.91,CA
21899,10/20/2014,Bowling,-16.58,CA
21899,10/20/2014,Public Transportation - Train Pass,-27.05,CA
21899,10/20/2014,Karaoke Bar,-33.61,CA
21899,10/20/2014,Green Flash Brewery,-2.32,CA
21899,10/21/2014,Public Transportation - Bus Pass,-26.18,CA
21899,10/22/2014,Ice Skating Rink,-5.43,CA
21899,10/22/2014,Rodriguez's Bar and Grill,-15.5,CA
21899,10/22/2014,Taxi,-31.23,CA
21899,10/23/2014,Bowling,-9.12,CA
21899,10/24/2014,Lyft,-10.39,CA
21899,10/24/2014,Food Delivery - GrubHub,-10.72,CA
21899,10/25/2014,Owl Night Club,-29.01,CA
21899,10/25/2014,Public Transportation - Train Pass,-25.71,CA
21899,10/26/2014,Taxi,-17.97,CA
21899,10/27/2014,Wine Bar,-108.27,CA
21899,10/27/2014,Karaoke Bar,-26.86,CA
21899,10/27/2014,Ice Skating Rink,-10.23,CA
21899,10/28/2014,Food Delivery - GrubHub,-11.6,CA
21899,10/29/2014,Public Transportation - Bus Pass,-22.5,CA
21899,10/29/2014,Restaurant - Steakhouse,-33.79,CA
21899,10/30/2014,Fisker Night Club,-36.04,CA
21899,10/30/2014,Restaurant - Chinese,-2.19,CA
21899,10/30/2014,Fisker Night Club,-10.59,CA
21899,11/2/2014,Paycheck,4123,CA
21899,11/2/2014,Housing Rent,-1296,CA
21899,11/2/2014,Time Warner Cable,-30,CA
21899,11/2/2014,Restaurant - Steakhouse,-10.1,CA
21899,11/2/2014,Karaoke Bar,-33.21,CA
21899,11/2/2014,Karaoke Bar,-15.12,CA
21899,11/2/2014,Fisker Night Club,-27.23,CA
21899,11/3/2014,Bowling,-37.01,CA
21899,11/4/2014,Restaurant - Chinese,-11.9,CA
21899,11/4/2014,Rodriguez's Bar and Grill,-110.56,CA
21899,11/4/2014,Concert Ticket,-17.54,CA
21899,11/5/2014,Public Transportation - Train Pass,-31.05,CA
21899,11/6/2014,Karaoke Bar,-23.34,CA
21899,11/7/2014,Uber,-29.01,CA
21899,11/7/2014,Concert Ticket,-2.78,CA
21899,11/7/2014,Movie Ticket,-3.87,CA
21899,11/8/2014,Owl Night Club,-31.65,CA
21899,11/8/2014,Movie Ticket,-26.3,CA
21899,11/8/2014,Sprouts Market,-12.06,CA
21899,11/8/2014,Seaside Bar,-28.47,CA
21899,11/9/2014,Lyft,-36.36,CA
21899,11/9/2014,Sprouts Market,-26.47,CA
21899,11/9/2014,Fisker Night Club,-23.21,CA
21899,11/10/2014,Ice Skating Rink,-7.28,CA
21899,11/10/2014,Seaside Bar,-29.77,CA
21899,11/11/2014,Seaside Bar,-16.71,CA
21899,11/11/2014,Movie Ticket,-6.9,CA
21899,11/11/2014,Karaoke Bar,-33.09,CA
21899,11/11/2014,Starbucks Coffee,-33.38,CA
21899,11/11/2014,Whole Foods,-31.21,CA
21899,11/11/2014,Seaside Bar,-26.7,CA
21899,11/11/2014,Rodriguez's Bar and Grill,-30.73,CA
21899,11/11/2014,Concert Ticket,-38.89,CA
21899,11/12/2014,Fisker Night Club,-0.43,CA
21899,11/13/2014,Lyft,-42.26,CA
21899,11/13/2014,Fisker Night Club,-21.47,CA
21899,11/13/2014,Ice Skating Rink,-31.93,CA
21899,11/14/2014,Karaoke Bar,-38.56,CA
21899,11/14/2014,Wine Bar,-104.14,CA
21899,11/14/2014,Food Delivery - GrubHub,-9.43,CA
21899,11/14/2014,Public Transportation - Bus Pass,-5.37,CA
21899,11/15/2014,Lyft,-33.77,CA
21899,11/16/2014,Food Delivery - GrubHub,-7.64,CA
21899,11/16/2014,Lyft,-5.77,CA
21899,11/16/2014,Public Transportation - Bus Pass,-33.96,CA
21899,11/16/2014,Karaoke Bar,-48.01,CA
21899,11/16/2014,Owl Night Club,-36.22,CA
21899,11/16/2014,Fisker Night Club,-29.7,CA
21899,11/16/2014,Green Flash Brewery,-33.41,CA
21899,11/16/2014,Food Delivery - GrubHub,-25.47,CA
21899,11/17/2014,Ralph's Grocery Store,-38.44,CA
21899,11/18/2014,Rodriguez's Bar and Grill,-31.35,CA
21899,11/18/2014,Restaurant - Chinese,-11.16,CA
21899,11/19/2014,Uber,-9.85,CA
21899,11/19/2014,Lyft,-19.29,CA
21899,11/19/2014,Green Flash Brewery,-3.56,CA
21899,11/20/2014,Wine Bar,-64.22,CA
21899,11/20/2014,Food Delivery - GrubHub,-6.64,CA
21899,11/20/2014,Seaside Bar,-28.64,CA
21899,11/20/2014,Uber,-13.86,CA
21899,11/20/2014,Seaside Bar,-19.27,CA
21899,11/20/2014,Restaurant - Burgers,-62.21,CA
21899,11/20/2014,Rodriguez's Bar and Grill,-117.91,CA
21899,11/20/2014,Bowling,-15.19,CA
21899,11/20/2014,Ice Skating Rink,-46.01,CA
21899,11/21/2014,Lyft,-19.68,CA
21899,11/22/2014,Food Delivery - GrubHub,-110.22,CA
21899,11/22/2014,Public Transportation - Bus Pass,-60.97,CA
21899,11/22/2014,John's Bar & Restaurant,-33.72,CA
21899,11/22/2014,Karaoke Bar,-26.5,CA
21899,11/23/2014,Restaurant - Burgers,-32.87,CA
21899,11/23/2014,Bowling,-13.86,CA
21899,11/23/2014,Public Transportation - Train Pass,-92.9,CA
21899,11/24/2014,Food Delivery - GrubHub,-15.15,CA
21899,11/24/2014,Concert Ticket,-21.35,CA
21899,11/24/2014,Rodriguez's Bar and Grill,-16.67,CA
21899,11/24/2014,Movie Ticket,-25.43,CA
21899,11/24/2014,Taxi,-102.19,CA
21899,11/24/2014,Starbucks Coffee,-7.78,CA
21899,11/25/2014,Concert Ticket,-104.04,CA
21899,11/26/2014,Owl Night Club,-95.81,CA
21899,11/27/2014,Ice Skating Rink,-59.31,CA
21899,11/28/2014,Wine Bar,-32.15,CA
21899,11/28/2014,Restaurant - Burgers,-1.16,CA
21899,11/28/2014,Public Transportation - Bus Pass,-36.72,CA
21899,11/29/2014,Wine Bar,-8.25,CA
21899,11/29/2014,Karaoke Bar,-33.82,CA
21899,11/29/2014,Restaurant - Steakhouse,-83.83,CA
21899,11/30/2014,Seaside Bar,-6.4,CA
21899,12/2/2014,Paycheck,4123,CA
21899,12/2/2014,Housing Rent,-1145,CA
21899,12/2/2014,Time Warner Cable,-30,CA
21899,12/2/2014,Lyft,-30.47,CA
21899,12/2/2014,Restaurant - Steakhouse,-36.49,CA
21899,12/3/2014,Wine Bar,-6.17,CA
21899,12/3/2014,Green Flash Brewery,-24.91,CA
21899,12/4/2014,Karaoke Bar,-116.75,CA
21899,12/4/2014,Wine Bar,-21.66,CA
21899,12/4/2014,Restaurant - Steakhouse,-26.02,CA
21899,12/4/2014,Bowling,-27.11,CA
21899,12/4/2014,Fisker Night Club,-15.87,CA
21899,12/4/2014,Starbucks Coffee,-60.91,CA
21899,12/5/2014,Restaurant - Burgers,-11.06,CA
21899,12/5/2014,Owl Night Club,-12.32,CA
21899,12/5/2014,Lyft,-96.19,CA
21899,12/6/2014,Concert Ticket,-27.33,CA
21899,12/6/2014,Public Transportation - Train Pass,-4.7,CA
21899,12/7/2014,John's Bar & Restaurant,-10.71,CA
21899,12/7/2014,Owl Night Club,-52.27,CA
21899,12/7/2014,Sprouts Market,-26.65,CA
21899,12/8/2014,Seaside Bar,-11.86,CA
21899,12/9/2014,Seaside Bar,-1.36,CA
21899,12/9/2014,Starbucks Coffee,-2.13,CA
21899,12/9/2014,Restaurant - Burgers,-18.6,CA
21899,12/10/2014,Green Flash Brewery,-20.24,CA
21899,12/10/2014,Owl Night Club,-23.7,CA
21899,12/10/2014,Wine Bar,-18.6,CA
21899,12/10/2014,Wine Bar,-26.26,CA
21899,12/11/2014,Fisker Night Club,-42.71,CA
21899,12/11/2014,Lyft,-29.93,CA
21899,12/12/2014,Wine Bar,-68.69,CA
21899,12/12/2014,Food Delivery - GrubHub,-22.63,CA
21899,12/12/2014,Concert Ticket,-11.81,CA
21899,12/13/2014,Ralph's Grocery Store,-32.41,CA
21899,12/14/2014,John's Bar & Restaurant,-2.77,CA
21899,12/15/2014,Owl Night Club,-14.71,CA
21899,12/15/2014,Movie Ticket,-24.21,CA
21899,12/15/2014,John's Bar & Restaurant,-17.87,CA
21899,12/15/2014,Restaurant - Steakhouse,-39.01,CA
21899,12/15/2014,Lyft,-11.08,CA
21899,12/16/2014,Uber,-15.05,CA
21899,12/16/2014,Rodriguez's Bar and Grill,-28.1,CA
21899,12/16/2014,Rodriguez's Bar and Grill,-26.88,CA
21899,12/16/2014,Public Transportation - Train Pass,-25.97,CA
21899,12/16/2014,Lyft,-37.26,CA
21899,12/16/2014,Uber,-18.71,CA
21899,12/16/2014,Sprouts Market,-37.58,CA
21899,12/16/2014,Von's Groceries,-77.15,CA
21899,12/16/2014,Lyft,-100.49,CA
21899,12/16/2014,Lyft,-17.98,CA
21899,12/16/2014,Sprouts Market,-21.36,CA
21899,12/16/2014,Wine Bar,-5.13,CA
21899,12/17/2014,Owl Night Club,-28.82,CA
21899,12/17/2014,Lyft,-29.13,CA
21899,12/17/2014,Whole Foods,-32.95,CA
21899,12/18/2014,Movie Ticket,-51.46,CA
21899,12/18/2014,Public Transportation - Train Pass,-22.14,CA
21899,12/18/2014,Concert Ticket,-87.93,CA
21899,12/18/2014,Owl Night Club,-33.2,CA
21899,12/18/2014,Movie Ticket,-35.58,CA
21899,12/18/2014,Bowling,-22.88,CA
21899,12/18/2014,Seaside Bar,-36.82,CA
21899,12/18/2014,Restaurant - Steakhouse,-114.39,CA
21899,12/18/2014,Food Delivery - GrubHub,-102.13,CA
21899,12/19/2014,Restaurant - Chinese,-30.62,CA
21899,12/19/2014,Karaoke Bar,-91.58,CA
21899,12/19/2014,Von's Groceries,-59.52,CA
21899,12/20/2014,Restaurant - Burgers,-32.97,CA
21899,12/21/2014,Public Transportation - Train Pass,-2.62,CA
21899,12/21/2014,Fisker Night Club,-10.38,CA
21899,12/21/2014,Karaoke Bar,-10.38,CA
21899,12/22/2014,Whole Foods,-26.79,CA
21899,12/22/2014,Ice Skating Rink,-24.01,CA
21899,12/23/2014,Lyft,-29.07,CA
21899,12/23/2014,Green Flash Brewery,-65.04,CA
21899,12/23/2014,Restaurant - Pizza,-5.23,CA
21899,12/24/2014,Whole Foods,-73.84,CA
21899,12/25/2014,Bowling,-15.76,CA
21899,12/25/2014,Fisker Night Club,-2.56,CA
21899,12/25/2014,Wine Bar,-14.21,CA
21899,12/26/2014,Owl Night Club,-10.59,CA
21899,12/27/2014,Seaside Bar,-1.69,CA
21899,12/27/2014,Ice Skating Rink,-20.36,CA
21899,12/27/2014,Restaurant - Chinese,-29.7,CA
21899,12/28/2014,Fisker Night Club,-15.61,CA
21899,12/28/2014,Concert Ticket,-35.7,CA
21899,12/28/2014,John's Bar & Restaurant,-39.64,CA
21899,12/28/2014,Movie Ticket,-34,CA
21899,12/29/2014,Karaoke Bar,-89.34,CA
21899,12/30/2014,Taxi,-39.67,CA
21899,12/32/2014,Fisker Night Club,-10.48,CA
21899,12/32/2014,Taxi,-5.96,CA
21899,12/32/2014,Wine Bar,-3.66,CA
21899,12/32/2014,Lyft,-21.77,CA
21899,12/32/2014,Fisker Night Club,-11.19,CA
21899,12/32/2014,Public Transportation - Train Pass,-17.46,CA
21899,12/32/2014,Public Transportation - Bus Pass,-33.63,CA
21899,12/32/2014,Lyft,-10.46,CA
21899,12/32/2014,Movie Ticket,-16.21,CA
21899,12/32/2014,Seaside Bar,-62.33,CA
21899,12/32/2014,Wine Bar,-16.95,CA
21899,12/32/2014,Uber,-30.24,CA
21899,12/32/2014,Lyft,-20.46,CA
21899,12/32/2014,Public Transportation - Train Pass,-4.41,CA
